ID	漢字	部首	画数	音読	訓読	級
5920000	百	白	6	[ヒャク]	[]	10
4781400	町	田	7	[チョウ]	[[まち]]	10
4040100	先	儿	6	[セン]	[[さき]]	10
3678400	人	人	2	[ジン,ニン]	[[ひと]]	10
2848100	耳	耳	6	[ジ]	[[みみ]]	10
2081300	五	二	4	[ゴ]	[[いつ],[いつ,つ]]	10
923700	学	子	8	[ガク]	[[まな,ぶ]]	10
209400	一	一	1	[イチ,イツ]	[[ひと],[ひと,つ]]	10
6181200	文	文	4	[ブン,モン]	[[ふみ]]	10
5033300	天	大	4	[テン]	[[あめ],[あま]]	10
4205400	早	日	6	[ソウ,サッ]	[[はや,い],[はや,まる],[はや,める]]	10
3723800	水	水	4	[スイ]	[[みず]]	10
2916700	七	一	2	[シチ]	[[なな],[なな,つ],[なの]]	10
2117900	口	口	3	[コウ,ク]	[[くち]]	10
1184900	気	气	6	[キ,ケ]	[]	10
308000	右	口	5	[ウ,ユウ]	[[みぎ]]	10
6470400	木	木	4	[ボク,モク]	[[き],[こ]]	10
5083100	田	田	5	[デン]	[[た]]	10
4223500	草	艹	9	[ソウ]	[[くさ]]	10
3825900	正	止	5	[セイ,ショウ]	[[ただ,しい],[ただ,す],[まさ]]	10
2968300	車	車	7	[シャ]	[[くるま]]	10
2236900	校	木	10	[コウ]	[]	10
1360800	九	乙	2	[キュウ,ク]	[[ここの],[ここの,つ]]	10
315200	雨	雨	8	[ウ]	[[あめ],[あま]]	10
6505700	本	木	5	[ホン]	[[もと]]	10
5127900	土	土	3	[ド,ト]	[[つち]]	10
4335700	足	足	7	[ソク]	[[あし],[た,りる],[た,る],[た,す]]	10
3833400	生	生	5	[セイ,ショウ]	[[い,きる],[い,かす],[い,ける],[う,まれる],[う,む],[お,う],[は,える],[は,やす],[き],[なま]]	10
3028800	手	手	4	[シュ]	[[て],[た]]	10
2452500	左	工	5	[サ]	[[ひだり]]	10
1375100	休	亻	6	[キュウ]	[[やす,む],[やす,まる],[やす,める]]	10
436000	円	冂	4	[エン]	[[まる,い]]	10
6666900	名	口	6	[メイ,ミョウ]	[[な]]	10
5418000	二	二	2	[ニ]	[[ふた],[ふた,つ]]	10
4380300	村	木	7	[ソン]	[[むら]]	10
3865600	青	青	8	[セイ,ショウ]	[[あお],[あお,い]]	10
3160000	十	十	2	[ジュウ,ジッ]	[[とお],[と]]	10
2622000	三	一	3	[サン]	[[み],[み,つ],[みっ,つ]]	10
1584900	玉	玉	5	[ギョク]	[[たま]]	10
504100	王	王	4	[オウ]	[]	10
6740200	目	目	5	[モク,ボク]	[[め],[ま]]	10
5435400	日	日	4	[ニチ,ジツ]	[[ひ],[か]]	10
4474400	大	大	3	[ダイ,タイ]	[[おお],[おお,きい],[おお,いに]]	10
3945200	夕	夕	3	[セキ]	[[ゆう]]	10
3214000	出	凵	5	[シュツ,スイ]	[[で,る],[だ,す]]	10
2633600	山	山	3	[サン]	[[やま]]	10
1604700	金	金	8	[キン,コン]	[[かね],[かな]]	10
596200	音	音	9	[オン,イン]	[[おと],[ね]]	10
7104000	立	立	5	[リツ,リュウ]	[[た,つ],[た,てる]]	10
5444700	入	入	2	[ニュウ／]	[[い,る],[い,れる],[はい,る]]	10
4638500	男	田	7	[ダン,ナン]	[[おとこ]]	10
3948300	石	石	5	[セキ,シャク,コク]	[[いし]]	10
3308600	女	女	3	[ジョ,ニョ]	[[おんな],[め]]	10
2696200	子	子	3	[シ,ス]	[[こ]]	10
1680900	空	穴	8	[クウ]	[[そら],[あ,く],[あ,ける],[から]]	10
609800	下	一	3	[カ,ゲ]	[[した],[しも],[もと],[さ,げる],[さ,がる],[くだ,る],[くだ,す],[くだ,さる],[お,ろす],[お,りる]]	10
7192800	力	力	2	[リョク,リキ]	[[ちから]]	10
5481100	年	干	6	[ネン]	[[とし]]	10
4696700	竹	竹	6	[チク]	[[たけ]]	10
3955600	赤	赤	7	[セキ,シャク]	[[あか],[あか,い],[あか,らむ],[あか,らめる]]	10
3331300	小	小	3	[ショウ]	[[ちい,さい],[こ],[お]]	10
2715400	四	囗	5	[シ]	[[よ],[よ,つ],[よっ,つ],[よん]]	10
1884000	月	月	4	[ゲツ,ガツ]	[[つき]]	10
622700	火	火	4	[カ]	[[ひ],[ほ]]	10
7198600	林	木	8	[リン]	[[はやし]]	10
5607600	白	白	5	[ハク,ビャク]	[[しろ],[しら],[しろ,い]]	10
4721700	中	丨	4	[チュウ,ジュウ]	[[なか]]	10
4026200	千	十	3	[セン]	[[ち]]	10
3478400	上	一	3	[ジョウ,ショウ]	[[うえ],[うわ],[かみ],[あ,げる],[あ,がる],[のぼ,る],[のぼ,せる],[のぼ,す]]	10
2735800	糸	糸	6	[シ]	[[いと]]	10
1892600	犬	犬	4	[ケン]	[[いぬ]]	10
645600	花	艹	7	[カ]	[[はな]]	10
7380200	六	八	4	[ロク]	[[む],[む,つ],[むっ,つ],[むい]]	10
5677700	八	八	2	[ハチ]	[[や],[や,つ],[やっ,つ],[よう]]	10
4730900	虫	虫	6	[チュウ]	[[むし]]	10
4033800	川	川	3	[セン]	[[かわ]]	10
3641700	森	木	12	[シン]	[[もり]]	10
2843100	字	子	6	[ジ]	[[あざ]]	10
1896200	見	見	7	[ケン]	[[み,る],[み,える],[み,せる]]	10
838600	貝	貝	7	[]	[[かい]]	10
6531100	毎	毋	6	[マイ]	[]	9
5428500	肉	肉	6	[ニク]	[]	9
4887800	通	辶	10	[ツウ,ツ]	[[とお,る],[とお,す],[かよ,う]]	9
4135400	前	刂	9	[ゼン]	[[まえ]]	9
3516000	場	土	12	[ジョウ]	[[ば]]	9
2723600	矢	矢	5	[シ]	[[や]]	9
2156600	光	儿	6	[コウ]	[[ひか,る],[ひかり]]	9
1599300	近	辶	7	[キン]	[[ちか,い]]	9
883400	角	角	7	[カク]	[[かど],[つの]]	9
273800	引	弓	4	[イン]	[[ひ,く],[ひ,ける]]	9
6532300	妹	女	8	[マイ]	[[いもうと]]	9
5542700	馬	馬	10	[バ]	[[うま],[ま]]	9
4942000	弟	弓	7	[テイ]	[[おとうと]]	9
4176400	組	糸	11	[ソ]	[[く,む],[くみ]]	9
3535500	色	色	6	[ショク,シキ]	[[いろ]]	9
2755000	姉	女	8	[シ]	[[あね]]	9
2170900	考	耂	6	[コウ]	[[かんが,える]]	9
1750400	兄	儿	5	[ケイ]	[[あに]]	9
930400	楽	木	13	[ガク,ラク]	[[たの,しい],[たの,しむ]]	9
310600	羽	羽	6	[ウ]	[[は],[はね]]	9
6573600	万	一	3	[マン,バン]	[]	9
5586300	売	士	7	[バイ]	[[う,る],[う,れる]]	9
5052100	店	广	8	[テン]	[[みせ]]	9
4212700	走	走	7	[ソウ]	[[はし,る]]	9
3539700	食	食	9	[ショク,ジキ]	[[く,う],[く,らう],[た,べる]]	9
2765700	思	心	9	[シ]	[[おも,う]]	9
2172500	行	行	6	[コウ,ギョウ,アン]	[[い,く],[ゆ,く],[おこな,う]]	9
1754900	形	彡	7	[ケイ,ギョウ]	[[かた],[かたち]]	9
964700	活	氵	9	[カツ]	[]	9
369800	雲	雨	12	[ウン]	[[くも]]	9
6677500	明	日	8	[メイ,ミョウ]	[[あ,かり],[あか,るい],[あか,るむ],[あか,らむ],[あき,らか],[あ,ける],[あ,く],[あ,くる],[あ,かす]]	9
5597500	買	貝	12	[バイ]	[[か,う]]	9
5055400	点	灬	9	[テン]	[]	9
4396400	多	夕	6	[タ]	[[おお,い]]	9
3574900	心	心	4	[シン]	[[こころ]]	9
2782200	紙	糸	10	[シ]	[[かみ]]	9
2250300	高	高	10	[コウ]	[[たか,い],[たか],[たか,まる],[たか,める]]	9
1769700	計	訁	9	[ケイ]	[[はか,る],[はか,らう]]	9
1083500	間	門	12	[カン,ケン]	[[あいだ],[ま]]	9
462400	園	囗	13	[エン]	[[その]]	9
6693400	鳴	鳥	14	[メイ]	[[な,く],[な,る],[な,らす]]	9
5647900	麦	麦	7	[バク]	[[むぎ]]	9
5093700	電	雨	13	[デン]	[]	9
4424200	太	大	4	[タイ,タ]	[[ふと,い],[ふと,る]]	9
3650300	新	斤	13	[シン]	[[あたら,しい],[あら,た],[にい]]	9
2844800	寺	寸	6	[ジ]	[[てら]]	9
2264900	黄	黄	11	[コウ]	[[き],[こ]]	9
1982700	元	儿	4	[ゲン,ガン]	[[もと]]	9
1151600	丸	丶	3	[ガン]	[[まる],[まる,い],[まる,める]]	9
471000	遠	辶	13	[エン,オン]	[[とお,い]]	9
6720100	毛	毛	4	[モウ]	[[け]]	9
5726200	半	十	5	[ハン]	[[なか,ば]]	9
5143800	刀	刀	2	[トウ]	[[かたな]]	9
4428700	体	亻	7	[タイ,テイ]	[[からだ]]	9
3668300	親	見	16	[シン]	[[おや],[した,しい],[した,しむ]]	9
2850500	自	自	6	[ジ,シ]	[[みずか,ら]]	9
2341000	合	口	6	[ゴウ,ガッ,カッ]	[[あ,う],[あ,わす],[あ,わせる]]	9
1990500	言	言	7	[ゲン,ゴン]	[[い,う],[こと]]	9
1155100	岩	山	8	[ガン]	[[いわ]]	9
641500	何	亻	7	[カ]	[[なに],[なん]]	9
6766200	門	門	8	[モン]	[[かど]]	9
5780000	番	田	12	[バン]	[]	9
5146200	冬	冫	5	[トウ]	[[ふゆ]]	9
4508400	台	口	5	[ダイ,タイ]	[]	9
3720000	図	囗	7	[ズ,ト]	[[はか,る]]	9
2876900	時	日	10	[ジ]	[[とき]]	9
2369900	谷	谷	7	[コク]	[[たに]]	9
1998000	原	厂	10	[ゲン]	[[はら]]	9
1169700	顔	頁	18	[ガン]	[[かお]]	9
669700	科	禾	9	[カ]	[]	9
6776700	夜	夕	8	[ヤ]	[[よ],[よる]]	9
6017800	父	父	4	[フ]	[[ちち]]	9
5149200	当	⺍	6	[トウ]	[[あ,たる],[あ,てる]]	9
4656900	地	土	6	[チ,ジ]	[]	9
3782200	数	攵	13	[スウ,ス]	[[かず],[かぞ,える]]	9
2926100	室	宀	9	[シツ]	[[むろ]]	9
2372600	国	囗	8	[コク]	[[くに]]	9
2022000	戸	戸	4	[コ]	[[と]]	9
1199300	汽	氵	7	[キ]	[]	9
672800	夏	夂	10	[カ,ゲ]	[[なつ]]	9
6783100	野	里	11	[ヤ]	[[の]]	9
6088400	風	風	9	[フウ,フ]	[[かぜ],[かざ]]	9
5164200	東	木	8	[トウ]	[[ひがし]]	9
4667800	池	氵	6	[チ]	[[いけ]]	9
3852100	西	西	6	[セイ,サイ]	[[にし]]	9
2966000	社	礻	7	[シャ]	[[やしろ]]	9
2380300	黒	黒	11	[コク]	[[くろ],[くろ,い]]	9
2024400	古	口	5	[コ]	[[ふる,い],[ふる,す]]	9
1223100	記	訁	10	[キ]	[[しる,す]]	9
675300	家	宀	10	[カ,ケ]	[[いえ],[や]]	9
6843100	友	又	4	[ユウ]	[[とも]]	9
6175200	分	刀	4	[ブン,フン,ブ]	[[わ,ける],[わ,かれる],[わ,かる],[わ,かつ]]	9
5207600	答	竹	12	[トウ]	[[こた,える],[こた,え]]	9
4669200	知	矢	8	[チ]	[[し,る]]	9
3854400	声	士	7	[セイ,ショウ]	[[こえ],[こわ]]	9
3018400	弱	弓	10	[ジャク]	[[よわ,い],[よわ,る],[よわ,まる],[よわ,める]]	9
2417400	今	人	4	[コン,キン]	[[いま]]	9
2089200	午	十	4	[ゴ]	[]	9
1215100	帰	巾	10	[キ]	[[かえ,る],[かえ,す]]	9
713800	歌	欠	14	[カ]	[[うた],[うた,う]]	9
6927500	用	用	5	[ヨウ]	[[もち,いる]]	9
6190200	聞	耳	14	[ブン,モン]	[[き,く],[き,こえる]]	9
5231700	頭	頁	16	[トウ,ズ,ト]	[[あたま],[かしら]]	9
4711300	茶	艹	9	[チャ,サ]	[]	9
3876200	星	日	9	[セイ,ショウ]	[[ほし]]	9
3057200	首	首	9	[シュ]	[[くび]]	9
2487100	才	手	3	[サイ]	[]	9
2095500	後	彳	9	[ゴ,コウ]	[[のち],[うし,ろ],[あと],[おく,れる]]	9
1366800	弓	弓	3	[キュウ]	[[ゆみ]]	9
736300	画	田	8	[ガ,カク]	[]	9
6983200	曜	日	18	[ヨウ]	[]	9
6227400	米	米	6	[ベイ,マイ]	[[こめ]]	9
5254500	同	口	6	[ドウ]	[[おな,じ]]	9
4743400	昼	日	9	[チュウ]	[[ひる]]	9
3900400	晴	日	12	[セイ]	[[は,れる],[は,らす]]	9
3110100	秋	禾	9	[シュウ]	[[あき]]	9
2514600	細	糸	11	[サイ]	[[ほそ,い],[ほそ,る],[こま,か],[こま,かい]]	9
2110200	語	訁	14	[ゴ]	[[かた,る],[かた,らう]]	9
1417100	牛	牛	4	[ギュウ]	[[うし]]	9
760200	回	囗	6	[カイ,エ]	[[まわ,る],[まわ,す]]	9
7020500	来	木	7	[ライ]	[[く,る],[きた,る],[きた,す]]	9
6296200	歩	止	8	[ホ,ブ]	[[ある,く],[あゆ,む]]	9
5273900	道	辶	12	[ドウ,トウ]	[[みち]]	9
4783800	長	長	8	[チョウ]	[[なが,い]]	9
3984200	切	刀	4	[セツ,サイ]	[[き,る],[き,れる]]	9
3129900	週	辶	11	[シュウ]	[]	9
2561800	作	亻	7	[サク,サ]	[[つく,る]]	9
2125500	工	工	3	[コウ,ク]	[]	9
1450900	魚	魚	11	[ギョ]	[[うお],[さかな]]	9
756800	会	人	6	[カイ,エ]	[[あ,う]]	9
7076200	里	里	7	[リ]	[[さと]]	9
6317900	母	毋	5	[ボ]	[[はは]]	9
5324000	読	訁	14	[ドク,トク,トウ]	[[よ,む]]	9
4804200	鳥	鳥	11	[チョウ]	[[とり]]	9
4001600	雪	雨	11	[セツ]	[[ゆき]]	9
3229900	春	日	9	[シュン]	[[はる]]	9
2665600	算	竹	14	[サン]	[]	9
2127700	公	八	4	[コウ]	[[おおやけ]]	9
1488200	京	亠	8	[キョウ,ケイ]	[]	9
784700	海	氵	9	[カイ]	[[うみ]]	9
7083200	理	王	11	[リ]	[]	9
6332600	方	方	4	[ホウ]	[[かた]]	9
5373100	内	入	4	[ナイ,ダイ]	[[うち]]	9
4807600	朝	月	12	[チョウ]	[[あさ]]	9
4075000	船	舟	11	[セン]	[[ふね],[ふな]]	9
3288700	書	曰	10	[ショ]	[[か,く]]	9
2704800	止	止	4	[シ]	[[と,まる],[と,める]]	9
2143400	広	广	5	[コウ]	[[ひろ,い],[ひろ,まる],[ひろ,める],[ひろ,がる],[ひろ,げる]]	9
1515000	強	弓	11	[キョウ,ゴウ]	[[つよ,い],[つよ,まる],[つよ,める],[し,いる]]	9
803500	絵	糸	12	[カイ,エ]	[]	9
7407700	話	訁	13	[ワ]	[[はな,す],[はなし]]	9
6467400	北	匕	5	[ホク]	[[きた]]	9
5406400	南	十	9	[ナン,ナ]	[[みなみ]]	9
4845900	直	目	8	[チョク,ジキ]	[[ただ,ちに],[なお,す],[なお,る]]	9
4103600	線	糸	15	[セン]	[]	9
3346200	少	小	4	[ショウ]	[[すく,ない],[すこ,し]]	9
2721600	市	巾	5	[シ]	[[いち]]	9
2152000	交	亠	6	[コウ]	[[まじ,わる],[まじ,える],[ま,じる],[ま,ざる],[ま,ぜる],[か,う],[か,わす]]	9
1522000	教	攵	11	[キョウ]	[[おし,える],[おそ,わる]]	9
841200	外	夕	5	[ガイ,ゲ]	[[そと],[ほか],[はず,す],[はず,れる]]	9
6825700	由	田	5	[ユ,ユウ,ユイ]	[[よし]]	8
5928600	氷	水	5	[ヒョウ]	[[こおり],[ひ]]	8
5201100	湯	氵	12	[トウ]	[[ゆ]]	8
4593900	炭	火	9	[タン]	[[すみ]]	8
3620800	真	目	10	[シン]	[[ま]]	8
3107600	拾	扌	9	[シュウ]	[[ひろ,う]]	8
2707700	仕	亻	5	[シ,ジ]	[[つか,える]]	8
1648300	銀	金	14	[ギン]	[]	8
805700	開	門	12	[カイ]	[[ひら,く],[ひら,ける],[あ,く],[あ,ける]]	8
41600	悪	心	11	[アク,オ]	[[わる,い]]	8
6827000	油	氵	8	[ユ]	[[あぶら]]	8
5932900	表	衣	8	[ヒョウ]	[[おもて],[あらわ,す],[あらわ,れる]]	8
5205500	登	癶	12	[トウ,ト]	[[のぼ,る]]	8
4609300	短	矢	12	[タン]	[[みじか,い]]	8
3633000	深	氵	11	[シン]	[[ふか,い],[ふか,まる],[ふか,める]]	8
3122200	終	糸	11	[シュウ]	[[お,わる],[お,える]]	8
2730300	死	歹	6	[シ]	[[し,ぬ]]	8
1652300	区	匸	4	[ク]	[]	8
811200	階	阝	12	[カイ]	[]	8
97800	安	宀	6	[アン]	[[やす,い]]	8
6845600	有	月	6	[ユウ,ウ]	[[あ,る]]	8
5956700	秒	禾	9	[ビョウ]	[]	8
5209000	等	竹	12	[トウ]	[[ひと,しい]]	8
4654000	談	訁	15	[ダン]	[]	8
3638300	進	辶	11	[シン]	[[すす,む],[すす,める]]	8
3127100	習	羽	11	[シュウ]	[[なら,う]]	8
2750000	使	亻	8	[シ]	[[つか,う]]	8
1657600	苦	艹	8	[ク]	[[くる,しい],[くる,しむ],[くる,しめる],[にが,い],[にが,る]]	8
1071200	寒	宀	12	[カン]	[[さむ,い]]	8
108500	暗	日	13	[アン]	[[くら,い]]	8
6874400	遊	辶	12	[ユウ,ユ]	[[あそ,ぶ]]	8
5957400	病	疒	10	[ビョウ,ヘイ]	[[や,む],[やまい]]	8
5267200	動	力	11	[ドウ]	[[うご,く],[うご,かす]]	8
4715800	着	羊	12	[チャク,ジャク]	[[き,る],[き,せる],[つ,く],[つ,ける]]	8
3821500	世	一	5	[セイ,セ]	[[よ]]	8
3137700	集	隹	12	[シュウ]	[[あつ,まる],[あつ,める],[つど,う]]	8
2756200	始	女	8	[シ]	[[はじ,める],[はじ,まる]]	8
1673700	具	八	8	[グ]	[]	8
1095900	感	心	13	[カン]	[]	8
127200	医	匸	7	[イ]	[]	8
6906300	予	亅	4	[ヨ]	[]	8
5973600	品	口	9	[ヒン]	[[しな]]	8
5271900	童	立	12	[ドウ]	[[わらべ]]	8
4740400	注	氵	8	[チュウ]	[[そそ,ぐ]]	8
3929800	整	攵	16	[セイ]	[[ととの,える],[ととの,う]]	8
3170900	住	亻	7	[ジュウ]	[[す,む],[す,まう]]	8
2768800	指	扌	9	[シ]	[[ゆび],[さ,す]]	8
1727500	君	口	7	[クン]	[[きみ]]	8
1100400	漢	氵	13	[カン]	[]	8
132000	委	女	8	[イ]	[[ゆだ,ねる]]	8
6931200	羊	羊	6	[ヨウ]	[[ひつじ]]	8
6038900	負	貝	9	[フ]	[[ま,ける],[ま,かす],[お,う]]	8
5503400	農	辰	13	[ノウ]	[]	8
4745000	柱	木	9	[チュウ]	[[はしら]]	8
3960600	昔	日	8	[セキ]	[[むかし]]	8
3174600	重	里	9	[ジュウ,チョウ]	[[え],[おも,い],[かさ,ねる],[かさ,なる]]	8
2807300	歯	歯	12	[シ]	[[は]]	8
1761200	係	亻	9	[ケイ]	[[かか,る],[かかり]]	8
1127500	館	食	16	[カン]	[[やかた]]	8
162700	意	心	13	[イ]	[]	8
6939400	洋	氵	9	[ヨウ]	[]	8
6077700	部	阝	11	[ブ]	[]	8
5525900	波	氵	8	[ハ]	[[なみ]]	8
4774700	丁	一	2	[チョウ,テイ]	[]	8
4130700	全	入	6	[ゼン]	[[まった,く],[すべ,て]]	8
3198000	宿	宀	11	[シュク]	[[やど],[やど,る],[やど,す]]	8
2816800	詩	訁	13	[シ]	[]	8
1794700	軽	車	12	[ケイ]	[[かる,い],[かろ,やか]]	8
1157500	岸	山	8	[ガン]	[[きし]]	8
195700	育	肉	8	[イク]	[[そだ,つ],[そだ,てる],[はぐく,む]]	8
6955900	葉	艹	12	[ヨウ]	[[は]]	8
6103700	服	月	8	[フク]	[]	8
5569500	配	酉	10	[ハイ]	[[くば,る]]	8
4795100	帳	巾	11	[チョウ]	[]	8
4217500	相	目	9	[ソウ,ショウ]	[[あい]]	8
3281600	所	戸	8	[ショ]	[[ところ]]	8
2846100	次	欠	6	[ジ,シ]	[[つ,ぐ],[つぎ]]	8
1858600	血	血	6	[ケツ]	[[ち]]	8
1224900	起	走	10	[キ]	[[お,きる],[お,こる],[お,こす]]	8
284300	員	口	10	[イン]	[]	8
6958500	陽	阝	12	[ヨウ]	[]	8
6113400	福	礻	13	[フク]	[]	8
5589500	倍	亻	10	[バイ]	[]	8
4833200	調	訁	15	[チョウ]	[[しら,べる],[ととの,う],[ととの,える]]	8
4229500	送	辶	9	[ソウ]	[[おく,る]]	8
3296400	暑	日	12	[ショ]	[[あつ,い]]	8
2865400	事	亅	8	[ジ,ズ]	[[こと]]	8
1864300	決	氵	7	[ケツ]	[[き,める],[き,まる]]	8
1251400	期	月	12	[キ,ゴ]	[]	8
286800	院	阝	10	[イン]	[]	8
6970200	様	木	14	[ヨウ]	[[さま]]	8
6144500	物	牛	8	[ブツ,モツ]	[[もの]]	8
5661000	箱	竹	15	[]	[[はこ]]	8
4877800	追	辶	9	[ツイ]	[[お,う]]	8
4263600	想	心	13	[ソウ,ソ]	[]	8
3317200	助	力	7	[ジョ]	[[たす,ける],[たす,かる],[すけ]]	8
2874500	持	扌	9	[ジ]	[[も,つ]]	8
1910000	研	石	9	[ケン]	[[と,ぐ]]	8
1350000	客	宀	9	[キャク,カク]	[]	8
297300	飲	食	12	[イン]	[[の,む]]	8
7035000	落	艹	12	[ラク]	[[お,ちる],[お,とす]]	8
6192900	平	干	5	[ヘイ,ビョウ]	[[たい,ら],[ひら]]	8
5671000	畑	田	9	[]	[[はた],[はたけ]]	8
4943200	定	宀	8	[テイ,ジョウ]	[[さだ,める],[さだ,まる],[さだ,か]]	8
4342100	息	心	10	[ソク]	[[いき]]	8
3370800	昭	日	9	[ショウ]	[]	8
2902200	式	弋	6	[シキ]	[]	8
1908900	県	目	9	[ケン]	[]	8
1384700	究	穴	7	[キュウ]	[[きわ,める]]	8
366800	運	辶	12	[ウン]	[[はこ,ぶ]]	8
7120200	流	氵	10	[リュウ,ル]	[[なが,れる],[なが,す]]	8
6258500	返	辶	7	[ヘン]	[[かえ,す],[かえ,る]]	8
5684700	発	癶	9	[ハツ,ホツ]	[]	8
4959700	庭	广	10	[テイ]	[[にわ]]	8
4344700	速	辶	10	[ソク]	[[はや,い],[はや,める],[はや,まる],[すみ,やか]]	8
3379400	消	氵	10	[ショウ]	[[き,える],[け,す]]	8
2945100	実	宀	8	[ジツ]	[[み],[みの,る]]	8
2058500	庫	广	10	[コ,ク]	[]	8
1389600	急	心	9	[キュウ]	[[いそ,ぐ]]	8
384100	泳	氵	8	[エイ]	[[およ,ぐ]]	8
7144500	旅	方	10	[リョ]	[[たび]]	8
6289600	勉	力	10	[ベン]	[]	8
5720100	反	又	4	[ハン,ホン]	[[そ,る],[そ,らす]]	8
5001900	笛	竹	11	[テキ,]	[[ふえ]]	8
4356800	族	方	11	[ゾク]	[]	8
3391000	商	口	11	[ショウ]	[[あきな,う]]	8
2964600	写	冖	5	[シャ]	[[うつ,す],[うつ,る]]	8
2064300	湖	氵	12	[コ]	[[みずうみ]]	8
1394500	級	糸	9	[キュウ]	[]	8
419400	駅	馬	14	[エキ]	[]	8
7152100	両	一	6	[リョウ]	[]	8
6354700	放	攵	8	[ホウ]	[[はな,す],[はな,つ],[はな,れる],[ほう,る]]	8
5740700	坂	土	7	[ハン]	[[さか]]	8
5021700	鉄	金	13	[テツ]	[]	8
4393400	他	亻	5	[タ]	[[ほか]]	8
3399700	章	立	11	[ショウ]	[]	8
2970800	者	耂	8	[シャ]	[[もの]]	8
2159800	向	口	6	[コウ]	[[む,く],[む,ける],[む,かう],[む,こう]]	8
1396600	宮	宀	10	[キュウ,グウ]	[[みや]]	8
507900	央	大	5	[オウ]	[]	8
7195400	緑	糸	14	[リョク,ロク]	[[みどり]]	8
6599900	味	口	8	[ミ]	[[あじ],[あじ,わう]]	8
5743200	板	木	8	[ハン,バン]	[[いた]]	8
5064100	転	車	11	[テン]	[[ころ,がる],[ころ,げる],[ころ,がす],[ころ,ぶ]]	8
4407200	打	扌	5	[ダ]	[[う,つ]]	8
3404400	勝	力	12	[ショウ]	[[か,つ],[まさ,る]]	8
3042300	主	丶	5	[シュ,ス]	[[ぬし],[おも]]	8
2193000	幸	干	8	[コウ]	[[さいわ,い],[さち],[しあわ,せ]]	8
1403200	球	王	11	[キュウ]	[[たま]]	8
530700	横	木	15	[オウ]	[[よこ]]	8
7239800	礼	礻	5	[レイ,ライ]	[]	8
6674800	命	口	8	[メイ,ミョウ]	[[いのち]]	8
5794600	皮	皮	5	[ヒ]	[[かわ]]	8
5115900	都	阝	11	[ト,ツ]	[[みやこ]]	8
4432500	対	寸	7	[タイ,ツイ]	[]	8
3496200	乗	丿	9	[ジョウ]	[[の,る],[の,せる]]	8
3048600	守	宀	6	[シュ,ス]	[[まも,る],[も,り]]	8
2276300	港	氵	12	[コウ]	[[みなと]]	8
1421000	去	厶	5	[キョ,コ]	[[さ,る]]	8
553800	屋	尸	9	[オク]	[[や]]	8
7285200	列	刂	6	[レツ]	[]	8
6706200	面	面	9	[メン]	[[おも],[おもて],[つら]]	8
5832600	悲	心	12	[ヒ]	[[かな,しい],[かな,しむ]]	8
5138700	度	广	9	[ド,ト]	[[たび]]	8
4439400	待	彳	9	[タイ]	[[ま,つ]]	8
3546100	植	木	12	[ショク]	[[う,える],[う,わる]]	8
3053500	取	又	8	[シュ]	[[と,る]]	8
2339700	号	口	5	[ゴウ]	[]	8
1542900	橋	木	16	[キョウ]	[[はし]]	8
602800	温	氵	12	[オン]	[[あたた,か],[あたた,かい],[あたた,まる],[あたた,める]]	8
7307400	練	糸	14	[レン]	[[ね,る]]	8
6771700	問	口	11	[モン]	[[と,う],[と,い],[とん]]	8
5867600	美	羊	9	[ビ]	[[うつく,しい]]	8
5156500	投	扌	7	[トウ]	[[な,げる]]	8
4504500	代	亻	5	[ダイ,タイ]	[[か,わる],[か,える],[よ],[しろ]]	8
3582900	申	田	5	[シン]	[[もう,す]]	8
3063900	酒	酉	10	[シュ]	[[さけ],[さか]]	8
2427900	根	木	10	[コン]	[[ね]]	8
1564200	業	木	13	[ギョウ,ゴウ]	[[わざ]]	8
619800	化	匕	4	[カ,ケ]	[[ば,ける],[ば,かす]]	8
7325000	路	足	13	[ロ]	[[じ]]	8
6798300	役	彳	7	[ヤク,エキ]	[]	8
5882200	鼻	鼻	14	[ビ]	[[はな]]	8
5160200	豆	豆	7	[トウ,ズ]	[[まめ]]	8
4511400	第	竹	11	[ダイ]	[]	8
3589000	身	身	7	[シン]	[[み]]	8
3079100	受	又	8	[ジュ]	[[う,ける],[う,かる]]	8
2513000	祭	示	11	[サイ]	[[まつ,る],[まつ,り]]	8
1572400	曲	曰	6	[キョク]	[[ま,がる],[ま,げる]]	8
682300	荷	艹	10	[カ]	[[に]]	8
7398500	和	口	8	[ワ,オ]	[[やわ,らぐ],[やわ,らげる],[なご,む],[なご,やか]]	8
6805000	薬	艹	16	[ヤク]	[[くすり]]	8
5907000	筆	竹	12	[ヒツ]	[[ふで]]	8
5179700	島	山	10	[トウ]	[[しま]]	8
4513900	題	頁	18	[ダイ]	[]	8
3606600	神	礻	9	[シン,ジン]	[[かみ],[かん],[こう]]	8
3098100	州	川	6	[シュウ]	[[す]]	8
2617000	皿	皿	5	[]	[[さら]]	8
1575400	局	尸	7	[キョク]	[]	8
794700	界	田	9	[カイ]	[]	8
6629300	民	氏	5	[ミン]	[[たみ]]	7
5938300	票	示	11	[ヒョウ]	[]	7
5050100	典	八	8	[テン]	[]	7
4145300	然	灬	12	[ゼン,ネン]	[]	7
3393400	唱	口	11	[ショウ]	[[とな,える]]	7
2656400	産	生	11	[サン]	[[う,む],[う,まれる],[うぶ]]	7
1923800	健	亻	11	[ケン]	[[すこ,やか]]	7
1386600	泣	氵	8	[キュウ]	[[な,く]]	7
800100	械	木	11	[カイ]	[]	7
20000	愛	心	13	[アイ]	[]	7
6635800	無	灬	12	[ム,ブ]	[[な,い]]	7
5945100	標	木	15	[ヒョウ]	[]	7
5086500	伝	亻	6	[デン]	[[つた,わる],[つた,える],[つた,う]]	7
4201300	争	亅	6	[ソウ]	[[あらそ,う]]	7
3411400	焼	火	12	[ショウ]	[[や,く],[や,ける]]	7
2659900	散	攵	12	[サン]	[[ち,る],[ち,らす],[ち,らかす],[ち,らかる]]	7
1976000	験	馬	18	[ケン,ゲン]	[]	7
1405100	給	糸	12	[キュウ]	[]	7
853200	害	宀	10	[ガイ]	[]	7
105300	案	木	10	[アン]	[]	7
6800800	約	糸	9	[ヤク]	[]	7
5996200	不	一	4	[フ,ブ]	[]	7
5107700	徒	彳	10	[ト]	[]	7
4231200	倉	人	10	[ソウ]	[[くら]]	7
3428000	照	灬	13	[ショウ]	[[て,る],[て,らす],[て,れる]]	7
2680800	残	歹	10	[ザン]	[[のこ,る],[のこ,す]]	7
2033200	固	囗	8	[コ]	[[かた,める],[かた,まる],[かた,い]]	7
1433100	挙	手	10	[キョ]	[[あ,げる],[あ,がる]]	7
858200	街	行	12	[ガイ,カイ]	[[まち]]	7
118300	以	人	5	[イ]	[]	7
6856600	勇	力	9	[ユウ]	[[いさ,む]]	7
6015600	夫	大	4	[フ,フウ]	[[おっと]]	7
5135800	努	力	7	[ド]	[[つと,める]]	7
4241500	巣	⺍	11	[ソウ]	[[す]]	7
3497600	城	土	9	[ジョウ]	[[しろ]]	7
2706500	氏	氏	4	[シ]	[[うじ]]	7
2138500	功	力	5	[コウ,ク]	[]	7
1470600	漁	氵	14	[ギョ,リョウ]	[]	7
882100	各	口	6	[カク]	[[おのおの]]	7
123100	衣	衣	6	[イ]	[[ころも]]	7
6942000	要	覀	9	[ヨウ]	[[かなめ],[い,る]]	7
6019700	付	亻	5	[フ]	[[つ,ける],[つ,く]]	7
5154000	灯	火	6	[トウ]	[[ひ]]	7
4334100	束	木	7	[ソク]	[[たば]]	7
3521700	縄	糸	15	[ジョウ]	[[なわ]]	7
2712900	司	口	5	[シ]	[]	7
2163400	好	女	6	[コウ]	[[この,む],[す,く]]	7
1478300	共	八	6	[キョウ]	[[とも]]	7
899700	覚	見	12	[カク]	[[おぼ,える],[さ,ます],[さ,める]]	7
126200	位	亻	7	[イ]	[[くらい]]	7
6976600	養	食	15	[ヨウ]	[[やしな,う]]	7
6030400	府	广	8	[フ]	[]	7
5278100	働	亻	13	[ドウ]	[[はたら,く]]	7
4347200	側	亻	11	[ソク]	[[がわ]]	7
3587500	臣	臣	7	[シン,ジン]	[]	7
2818700	試	訁	13	[シ]	[[こころ,みる],[ため,す]]	7
2228900	香	香	9	[コウ]	[[か],[かお,り],[かお,る]]	7
1493300	協	十	8	[キョウ]	[]	7
955900	潟	氵	15	[]	[[かた]]	7
260000	茨	艹	9	[]	[[いばら]]	7
6994900	浴	氵	10	[ヨク]	[[あ,びる],[あ,びせる]]	7
6036300	阜	阜	8	[フ]	[]	7
5298200	特	牛	10	[トク]	[]	7
4360400	続	糸	13	[ゾク]	[[つづ,く],[つづ,ける]]	7
3599100	信	亻	9	[シン]	[]	7
2864100	児	儿	7	[ジ,ニ]	[]	7
2232900	候	亻	10	[コウ]	[[そうろう]]	7
1550400	鏡	金	19	[キョウ]	[[かがみ]]	7
1026900	完	宀	7	[カン]	[]	7
276800	印	卩	6	[イン]	[[しるし]]	7
7071400	利	刂	7	[リ]	[[き,く]]	7
6053200	富	宀	12	[フ,フウ]	[[と,む],[とみ]]	7
5307800	徳	彳	14	[トク]	[]	7
4367400	卒	十	8	[ソツ]	[]	7
3819900	井	二	4	[セイ]	[[い]]	7
2871300	治	氵	8	[ジ,チ]	[[おさ,める],[おさ,まる],[なお,る],[なお,す]]	7
2260200	康	广	11	[コウ]	[]	7
1551600	競	立	20	[キョウ,ケイ]	[[きそ,う],[せ,る]]	7
1035900	官	宀	8	[カン]	[]	7
384700	英	艹	8	[エイ]	[]	7
7100300	陸	阝	11	[リク]	[]	7
6106400	副	刂	11	[フク]	[]	7
5329800	栃	木	9	[]	[[とち]]	7
4382300	孫	子	10	[ソン]	[[まご]]	7
3847600	成	戈	6	[セイ,ジョウ]	[[な,る],[な,す]]	7
2883200	滋	氵	12	[ジ]	[]	7
2457100	佐	亻	7	[サ]	[]	7
1577800	極	木	12	[キョク,ゴク]	[[きわ,める],[きわ,まる],[きわ,み]]	7
1105400	管	竹	14	[カン]	[[くだ]]	7
388400	栄	木	9	[エイ]	[[さか,える],[は,え],[は,える]]	7
7155800	良	艮	7	[リョウ]	[[よ,い]]	7
6199800	兵	八	7	[ヘイ,ヒョウ]	[]	7
5371300	奈	大	8	[ナ]	[]	7
4450100	帯	巾	10	[タイ]	[[お,びる],[おび]]	7
3878800	省	目	9	[セイ,ショウ]	[[かえり,みる],[はぶ,く]]	7
2887000	辞	辛	13	[ジ]	[[や,める]]	7
2466300	差	工	10	[サ]	[[さ,す]]	7
1712000	熊	灬	14	[]	[[くま]]	7
1108800	関	門	14	[カン]	[[せき],[かか,わる]]	7
458300	媛	女	12	[エン]	[]	7
7161500	料	斗	10	[リョウ]	[]	7
6243300	別	刂	7	[ベツ]	[[わか,れる]]	7
5391200	梨	木	11	[]	[[なし]]	7
4459900	隊	阝	12	[タイ]	[]	7
3887800	清	氵	11	[セイ,ショウ]	[[きよ,い],[きよ,まる],[きよ,める]]	7
2897700	鹿	鹿	11	[]	[[しか],[か]]	7
2519000	菜	艹	11	[サイ]	[[な]]	7
1730800	訓	訁	10	[クン]	[]	7
1137100	観	見	18	[カン]	[]	7
463300	塩	土	13	[エン]	[[しお]]	7
7172300	量	里	12	[リョウ]	[[はか,る]]	7
6256500	辺	辶	5	[ヘン]	[[あた,り],[べ]]	7
5476200	熱	灬	15	[ネツ]	[[あつ,い]]	7
4557100	達	辶	12	[タツ]	[]	7
3924700	静	青	14	[セイ,ジョウ]	[[しず],[しず,か],[しず,まる],[しず,める]]	7
2921900	失	大	5	[シツ]	[[うしな,う]]	7
2523800	最	曰	12	[サイ]	[[もっと,も]]	7
1740200	軍	車	9	[グン]	[]	7
1172500	願	頁	19	[ガン]	[[ねが,う]]	7
549500	岡	山	8	[]	[[おか]]	7
7208900	輪	車	15	[リン]	[[わ]]	7
6260800	変	夂	9	[ヘン]	[[か,わる],[か,える]]	7
5486400	念	心	8	[ネン]	[]	7
4590500	単	⺍	9	[タン]	[]	7
3962300	席	巾	10	[セキ]	[]	7
3005800	借	亻	10	[シャク]	[[か,りる]]	7
2545000	埼	土	11	[]	[[さい]]	7
1743900	郡	阝	10	[グン]	[]	7
1193400	岐	山	7	[キ]	[]	7
555900	億	亻	15	[オク]	[]	7
7233800	類	頁	18	[ルイ]	[[たぐ,い]]	7
6286100	便	亻	9	[ベン,ビン]	[[たよ,り]]	7
5575600	敗	攵	11	[ハイ]	[[やぶ,れる]]	7
4687500	置	罒	13	[チ]	[[お,く]]	7
3976600	積	禾	16	[セキ]	[[つ,む],[つ,もる]]	7
3070200	種	禾	14	[シュ]	[[たね]]	7
2547900	材	木	7	[ザイ]	[]	7
1744800	群	羊	13	[グン]	[[む,れる],[む,れ],[むら]]	7
1194500	希	巾	7	[キ]	[]	7
629300	加	力	5	[カ]	[[くわ,える],[くわ,わる]]	7
7237600	令	人	5	[レイ]	[]	7
6336600	包	勹	5	[ホウ]	[[つつ,む]]	7
5591500	梅	木	10	[バイ]	[[うめ]]	7
4728900	仲	亻	6	[チュウ]	[[なか]]	7
3987900	折	扌	7	[セツ]	[[お,る],[おり],[お,れる]]	7
3102000	周	口	8	[シュウ]	[[まわ,り]]	7
2560500	崎	山	11	[]	[[さき]]	7
1759200	径	彳	8	[ケイ]	[]	7
1206800	季	子	8	[キ]	[]	7
658000	果	木	8	[カ]	[[は,たす],[は,てる],[は,て]]	7
7242800	冷	冫	7	[レイ]	[[つめ,たい],[ひ,える],[ひ,や],[ひ,やす],[ひ,やかす],[さ,める],[さ,ます]]	7
6362000	法	氵	8	[ホウ,ハッ]	[]	7
5633600	博	十	12	[ハク,バク]	[]	7
4732300	沖	氵	7	[チュウ]	[[おき]]	7
4008800	節	竹	13	[セツ,セチ]	[[ふし]]	7
3194900	祝	礻	9	[シュク,シュウ]	[[いわ,う]]	7
2566100	昨	日	9	[サク]	[]	7
1792100	景	日	12	[ケイ]	[]	7
1267400	旗	方	14	[キ]	[[はた]]	7
690500	貨	貝	11	[カ]	[]	7
7248900	例	亻	8	[レイ]	[[たと,える]]	7
6440900	望	月	11	[ボウ,モウ]	[[のぞ,む]]	7
5742400	阪	阝	7	[ハン]	[]	7
4779600	兆	儿	6	[チョウ]	[[きざ,す],[きざ,し]]	7
4013100	説	訁	14	[セツ,ゼイ]	[[と,く]]	7
3260400	順	頁	12	[ジュン]	[]	7
2592800	札	木	5	[サツ]	[[ふだ]]	7
365500	芸	艹	7	[ウン]	[[くさぎ,る]]	7
1271700	器	口	15	[キ]	[[うつわ]]	7
722900	課	訁	15	[カ]	[]	7
7294000	連	辶	10	[レン]	[[つら,なる],[つら,ねる],[つ,れる]]	7
6481900	牧	牛	8	[ボク]	[[まき]]	7
5755600	飯	食	12	[ハン]	[[めし]]	7
4937300	低	亻	7	[テイ]	[[ひく,い],[ひく,める],[ひく,まる]]	7
4058200	浅	氵	9	[セン]	[[あさ,い]]	7
3275800	初	刀	7	[ショ]	[[はじ,め],[はじ,めて],[はつ],[うい],[そ,める]]	7
2594200	刷	刂	8	[サツ]	[[す,る]]	7
1854000	欠	欠	4	[ケツ]	[[か,ける],[か,く]]	7
1280000	機	木	16	[キ]	[[はた]]	7
741600	芽	艹	8	[ガ]	[[め]]	7
7341300	老	耂	6	[ロウ]	[[お,いる],[ふ,ける]]	7
6556900	末	木	5	[マツ,バツ]	[[すえ]]	7
5817800	飛	飛	9	[ヒ]	[[と,ぶ],[と,ばす]]	7
4948300	底	广	8	[テイ]	[[そこ]]	7
4081700	戦	戈	13	[セン]	[[いくさ],[たたか,う]]	7
3365200	松	木	8	[ショウ]	[[まつ]]	7
2599400	察	宀	14	[サツ]	[]	7
1871100	結	糸	12	[ケツ]	[[むす,ぶ],[ゆ,う],[ゆ,わえる]]	7
1324000	議	訁	20	[ギ]	[]	7
746400	賀	貝	12	[ガ]	[]	7
7347700	労	力	7	[ロウ]	[]	7
6581800	満	氵	12	[マン]	[[み,ちる],[み,たす]]	7
5902800	必	心	5	[ヒツ]	[[かなら,ず]]	7
4998500	的	白	8	[テキ]	[[まと]]	7
4106300	選	辶	15	[セン]	[[えら,ぶ]]	7
3388200	笑	竹	10	[ショウ]	[[わら,う],[え,む]]	7
2646400	参	厶	8	[サン]	[[まい,る]]	7
1906400	建	廴	9	[ケン,コン]	[[た,てる],[た,つ]]	7
1381400	求	水	7	[キュウ]	[[もと,める]]	7
770400	改	攵	7	[カイ]	[[あらた,める],[あらた,まる]]	7
7390500	録	金	16	[ロク]	[]	7
6595900	未	木	5	[ミ]	[]	7
6453700	暴	日	15	[ボウ,バク]	[[あば,く],[あば,れる]]	6
5809100	非	非	8	[ヒ]	[]	6
4965500	停	亻	11	[テイ]	[]	6
4000100	設	訁	11	[セツ]	[[もう,ける]]	6
3359500	招	扌	8	[ショウ]	[[まね,く]]	6
2694900	士	士	3	[シ]	[]	6
2244700	航	舟	10	[コウ]	[]	6
1440800	許	訁	11	[キョ]	[[ゆる,す]]	6
815300	解	角	13	[カイ,ゲ]	[[と,く],[と,かす],[と,ける]]	6
64700	圧	土	5	[アツ]	[]	6
6622300	脈	月	10	[ミャク]	[]	6
5839100	費	貝	12	[ヒ]	[[つい,やす],[つい,える]]	6
4972900	提	扌	12	[テイ]	[[さ,げる]]	6
4019200	絶	糸	12	[ゼツ]	[[た,える],[た,やす],[た,つ]]	6
3420200	証	訁	12	[ショウ]	[]	6
2702800	支	支	4	[シ]	[[ささ,える]]	6
2294400	鉱	金	13	[コウ]	[]	6
1535400	境	土	14	[キョウ,ケイ]	[[さかい]]	6
891600	格	木	10	[カク,コウ]	[]	6
128800	囲	囗	7	[イ]	[[かこ,む],[かこ,う]]	6
6635100	務	力	11	[ム]	[[つと,める],[つと,まる]]	6
5873200	備	亻	12	[ビ]	[[そな,える],[そな,わる]]	6
4977100	程	禾	12	[テイ]	[[ほど]]	6
4160200	祖	礻	9	[ソ]	[]	6
3423300	象	支豕	12	[ショウ,ゾウ]	[]	6
2711700	史	口	5	[シ]	[]	6
2299200	構	木	14	[コウ]	[[かま,える],[かま,う]]	6
1596900	均	土	7	[キン]	[]	6
911200	確	石	15	[カク]	[[たし,か],[たし,かめる]]	6
154300	移	禾	11	[イ]	[[うつ,る],[うつ,す]]	6
6652200	夢	夕	13	[ム]	[[ゆめ]]	6
5939300	評	訁	12	[ヒョウ]	[]	6
5005300	適	辶	14	[テキ]	[]	6
4165100	素	糸	10	[ソ,ス]	[]	6
3449800	賞	貝	15	[ショウ]	[]	6
2742200	志	心	7	[シ]	[[こころざ,す],[こころざし]]	6
2316200	興	臼	16	[コウ,キョウ]	[[おこ,る],[おこ,す]]	6
1629500	禁	示	13	[キン]	[]	6
935300	額	頁	18	[ガク]	[[ひたい]]	6
279500	因	囗	6	[イン]	[[よ,る]]	6
6685100	迷	辶	9	[メイ]	[[まよ,う]]	6
5977600	貧	貝	11	[ヒン]	[[まず,しい]]	6
5212400	統	糸	12	[トウ]	[[す,べる]]	6
4278400	総	糸	14	[ソウ]	[]	6
3491900	条	木	7	[ジョウ]	[]	6
2757600	枝	木	8	[シ]	[[えだ]]	6
2324100	講	訁	17	[コウ]	[]	6
1653800	句	口	5	[ク]	[]	6
1016100	刊	刂	5	[カン]	[]	6
380700	永	水	5	[エイ]	[[なが,い]]	6
6712200	綿	糸	14	[メン]	[[わた]]	6
6023000	布	巾	5	[フ]	[[ぬの]]	6
5270000	堂	土	11	[ドウ]	[]	6
4315000	造	辶	10	[ゾウ]	[[つく,る]]	6
3494600	状	犬	7	[ジョウ]	[]	6
2776900	師	巾	10	[シ]	[]	6
2368200	告	口	7	[コク]	[[つ,げる]]	6
1764100	型	土	9	[ケイ]	[[かた]]	6
1094700	幹	干	13	[カン]	[[みき]]	6
392900	営	⺍	12	[エイ]	[[いとな,む]]	6
6838800	輸	車	16	[ユ]	[]	6
6049500	婦	女	11	[フ]	[]	6
5279900	銅	金	14	[ドウ]	[]	6
4318300	像	亻	14	[ゾウ]	[]	6
3505300	常	巾	11	[ジョウ]	[[つね],[とこ]]	6
2821200	資	貝	13	[シ]	[]	6
2434700	混	氵	11	[コン]	[[ま,じる],[ま,ざる],[ま,ぜる],[こ,む]]	6
1781600	経	糸	11	[ケイ,キョウ]	[[へ,る]]	6
1103900	慣	忄	14	[カン]	[[な,れる],[な,らす]]	6
403800	衛	行	16	[エイ]	[]	6
6909700	余	人	7	[ヨ]	[[あま,る],[あま,す]]	6
6073400	武	止	8	[ブ,ム]	[]	6
5282100	導	寸	15	[ドウ]	[[みちび,く]]	6
4319100	増	土	14	[ゾウ]	[[ま,す],[ふ,える],[ふ,やす]]	6
3510400	情	忄	11	[ジョウ,セイ]	[[なさ,け]]	6
2823200	飼	食	13	[シ]	[[か,う]]	6
2460600	査	木	9	[サ]	[]	6
1878500	潔	氵	15	[ケツ]	[[いさぎよ,い]]	6
1160300	眼	目	11	[ガン,ゲン]	[[まなこ]]	6
411200	易	日	8	[エキ,イ]	[[やさ,しい]]	6
6946400	容	宀	10	[ヨウ]	[]	6
6109900	復	彳	12	[フク]	[]	6
5303800	得	彳	11	[トク]	[[え,る],[う,る]]	6
4340800	則	刂	9	[ソク]	[]	6
3557300	織	糸	18	[ショク]	[[お,る]]	6
2841600	示	示	5	[ジ,シ]	[[しめ,す]]	6
2489800	再	冂	6	[サイ,サ]	[[ふたた,び]]	6
1895200	件	亻	6	[ケン]	[]	6
1211700	紀	糸	9	[キ]	[]	6
414700	益	皿	10	[エキ,ヤク]	[]	6
7114700	略	田	11	[リャク]	[]	6
6120000	複	衤	14	[フク]	[]	6
5315900	毒	毋	8	[ドク]	[]	6
4350200	測	氵	12	[ソク]	[[はか,る]]	6
3558300	職	耳	18	[ショク]	[]	6
2862600	似	亻	7	[ジ]	[[に,る]]	6
2493100	災	火	7	[サイ]	[[わざわ,い]]	6
1929600	険	阝	11	[ケン]	[[けわ,しい]]	6
1234000	基	土	11	[キ]	[[もと],[もとい]]	6
417100	液	氵	11	[エキ]	[]	6
7126600	留	田	10	[リュウ,ル]	[[と,める],[と,まる]]	6
6140800	仏	亻	4	[ブツ]	[[ほとけ]]	6
5318200	独	犭	9	[ドク]	[[ひと,り]]	6
4357700	属	尸	12	[ゾク]	[]	6
3857100	制	刂	8	[セイ]	[]	6
2903800	識	訁	19	[シキ]	[]	6
2494300	妻	女	8	[サイ]	[[つま]]	6
1937000	検	木	12	[ケン]	[]	6
1236300	寄	宀	11	[キ]	[[よ,る],[よ,せる]]	6
478900	演	氵	14	[エン]	[]	6
7180400	領	頁	14	[リョウ]	[]	6
6161800	粉	米	10	[フン]	[[こ],[こな]]	6
5457700	任	亻	6	[ニン]	[[まか,せる],[まか,す]]	6
4369700	率	玄	11	[ソツ]	[[ひき,いる]]	6
3862200	性	忄	8	[セイ,ショウ]	[]	6
2941000	質	貝	15	[シツ,シチ]	[]	6
2507700	採	扌	11	[サイ]	[[と,る]]	6
1997000	限	阝	9	[ゲン]	[[かぎ,る]]	6
1242000	規	見	11	[キ]	[]	6
508500	応	心	7	[オウ]	[[こた,える]]	6
7278600	歴	止	14	[レキ]	[]	6
6275500	編	糸	15	[ヘン]	[[あ,む]]	6
5492400	燃	火	16	[ネン]	[[も,える],[も,やす],[も,す]]	6
4387100	損	扌	13	[ソン]	[[そこ,なう],[そこ,ねる]]	6
3873300	政	攵	9	[セイ,ショウ]	[[まつりごと]]	6
2971600	舎	舌	8	[シャ]	[]	6
2539500	際	阝	14	[サイ]	[[きわ]]	6
2004000	現	王	11	[ゲン]	[[あらわ,れる],[あらわ,す]]	6
1246700	喜	口	12	[キ]	[[よろこ,ぶ]]	6
512200	往	彳	8	[オウ]	[]	6
6281500	弁	廾	5	[ベン]	[]	6
5498200	能	肉	10	[ノウ]	[]	6
4458700	貸	貝	12	[タイ]	[[か,す]]	6
3905300	勢	力	13	[セイ]	[[いきお,い]]	6
2990200	謝	訁	17	[シャ]	[[あやま,る]]	6
2545500	在	土	6	[ザイ]	[[あ,る]]	6
2010600	減	氵	12	[ゲン]	[[へ,る],[へ,らす]]	6
1301100	技	扌	7	[ギ]	[[わざ]]	6
522800	桜	木	10	[オウ]	[[さくら]]	6
6298600	保	亻	9	[ホ]	[[たも,つ]]	6
5531100	破	石	10	[ハ]	[[やぶ,る],[やぶ,れる]]	6
4463400	態	心	14	[タイ]	[]	6
3915000	精	米	14	[セイ,ショウ]	[]	6
3083600	授	扌	11	[ジュ]	[[さず,ける],[さず,かる]]	6
2549600	財	貝	10	[ザイ,サイ]	[]	6
2046000	故	攵	9	[コ]	[[ゆえ]]	6
1307200	義	羊	13	[ギ]	[]	6
632800	可	口	5	[カ]	[]	6
6326600	墓	土	13	[ボ]	[[はか]]	6
5732700	犯	犭	5	[ハン]	[[おか,す]]	6
4636300	団	囗	6	[ダン,トン]	[]	6
3922100	製	衣	14	[セイ]	[]	6
3116600	修	亻	10	[シュウ,シュ]	[[おさ,める],[おさ,まる]]	6
2551500	罪	罒	13	[ザイ]	[[つみ]]	6
2056900	個	亻	10	[コ]	[]	6
1355000	逆	辶	9	[ギャク]	[[さか],[さか,らう]]	6
636700	仮	亻	6	[カ,ケ]	[[かり]]	6
6386800	報	土	12	[ホウ]	[[むく,いる]]	6
5738200	判	刂	7	[ハン,バン]	[]	6
4642900	断	斤	11	[ダン]	[[た,つ],[ことわ,る]]	6
3939700	税	禾	12	[ゼイ]	[]	6
3224700	述	辶	8	[ジュツ]	[[の,べる]]	6
2596600	殺	殳	10	[サツ,サイ]	[[ころ,す]]	6
2114300	護	訁	20	[ゴ]	[]	6
1364400	久	丿	3	[キュウ,ク]	[[ひさ,しい]]	6
653600	価	亻	8	[カ]	[[あたい]]	6
6395100	豊	豆	13	[ホウ]	[[ゆた,か]]	6
5744600	版	片	8	[ハン]	[]	6
4704700	築	竹	16	[チク]	[[きず,く]]	6
3969200	責	貝	11	[セキ]	[[せ,める]]	6
3226800	術	行	11	[ジュツ]	[]	6
2605500	雑	隹	14	[ザツ,ゾウ]	[]	6
2190700	効	力	8	[コウ]	[[き,く]]	6
1370600	旧	日	5	[キュウ]	[]	6
660500	河	氵	8	[カ]	[[かわ]]	6
6425000	防	阝	7	[ボウ]	[[ふせ,ぐ]]	6
5790900	比	比	4	[ヒ]	[[くら,べる]]	6
4768800	貯	貝	12	[チョ]	[]	6
3979200	績	糸	17	[セキ]	[]	6
3264000	準	氵	13	[ジュン]	[]	6
2667100	酸	酉	14	[サン]	[[す,い]]	6
2204400	厚	厂	9	[コウ]	[[あつ,い]]	6
1400000	救	攵	11	[キュウ]	[[すく,う]]	6
695300	過	辶	12	[カ]	[[す,ぎる],[す,ごす],[あやま,つ],[あやま,ち]]	6
6450100	貿	貝	12	[ボウ]	[]	6
5806600	肥	月	8	[ヒ]	[[こ,える],[こえ],[こ,やす],[こ,やし]]	6
4796600	張	弓	11	[チョウ]	[[は,る]]	6
3995400	接	扌	11	[セツ]	[[つ,ぐ]]	6
3319500	序	广	7	[ジョ]	[]	6
2670100	賛	貝	15	[サン]	[]	6
2242700	耕	耒	10	[コウ]	[[たがや,す]]	6
1425200	居	尸	8	[キョ]	[[い,る]]	6
766800	快	忄	7	[カイ]	[[こころよ,い]]	6
6925900	幼	幺	5	[ヨウ]	[[おさな,い]]	5
6203500	並	一	8	[ヘイ]	[[なみ],[なら,べる],[なら,ぶ],[なら,びに]]	5
5229900	糖	米	16	[トウ]	[]	5
4522300	宅	宀	6	[タク]	[]	5
3913000	誠	訁	13	[セイ]	[[まこと]]	5
3189000	縦	糸	16	[ジュウ]	[[たて]]	5
2572800	策	竹	12	[サク]	[]	5
1962400	憲	心	16	[ケン]	[]	5
1181300	危	㔾	6	[キ]	[[あぶ,ない],[あや,うい],[あや,ぶむ]]	5
141900	胃	肉	9	[イ]	[]	5
6995900	欲	欠	11	[ヨク]	[[ほっ,する],[ほ,しい]]	5
6212000	陛	阝	10	[ヘイ]	[]	5
5337600	届	尸	8	[]	[[とど,ける],[とど,く]]	5
4589000	担	扌	8	[タン]	[[かつ,ぐ],[にな,う]]	5
4017300	舌	舌	6	[ゼツ]	[[した]]	5
3206700	縮	糸	17	[シュク]	[[ちぢ,む],[ちぢ,まる],[ちぢ,める],[ちぢ,れる],[ちぢ,らす]]	5
2591500	冊	冂	5	[サツ,サク]	[]	5
2013500	源	氵	13	[ゲン]	[[みなもと]]	5
1184000	机	木	6	[キ]	[[つくえ]]	5
148200	異	田	11	[イ]	[[こと]]	5
6997700	翌	羽	11	[ヨク]	[]	5
6214700	閉	門	11	[ヘイ]	[[と,じる],[と,ざす],[し,める],[し,まる]]	5
5413400	難	隹	18	[ナン]	[[かた,い],[むずか,しい]]	5
4600800	探	扌	11	[タン]	[[さぐ,る],[さが,す]]	5
4051500	宣	宀	9	[セン]	[]	5
3210400	熟	灬	15	[ジュク]	[[う,れる]]	5
2652700	蚕	虫	10	[サン]	[[かいこ]]	5
2016600	厳	⺍	17	[ゲン,ゴン]	[[おごそ,か],[きび,しい]]	5
1250000	揮	扌	12	[キ]	[]	5
176200	遺	辶	15	[イ,ユイ]	[]	5
7046500	乱	乚	7	[ラン]	[[みだ,れる],[みだ,す]]	5
6251900	片	片	4	[ヘン]	[[かた]]	5
5450500	乳	乚	8	[ニュウ／]	[[ちち],[ち]]	5
4626800	誕	訁	15	[タン]	[]	5
4053600	専	寸	9	[セン]	[[もっぱ,ら]]	5
3254200	純	糸	10	[ジュン]	[]	5
2737900	至	至	6	[シ]	[[いた,る]]	5
2020800	己	己	3	[コ,キ]	[[おのれ]]	5
1256200	貴	貝	12	[キ]	[[たっと,い],[とうと,い],[たっと,ぶ],[とうと,ぶ]]	5
193000	域	土	11	[イキ]	[]	5
7051800	卵	卩	7	[ラン]	[[たまご]]	5
6308700	補	衤	12	[ホ]	[[おぎな,う]]	5
5463500	認	訁	14	[ニン]	[[みと,める]]	5
4641100	段	殳	9	[ダン]	[]	5
4060800	泉	水	9	[セン]	[[いずみ]]	5
3273600	処	几	5	[ショ]	[]	5
2744900	私	禾	7	[シ]	[[わたくし],[わたし]]	5
2031200	呼	口	8	[コ]	[[よ,ぶ]]	5
1309600	疑	疋	14	[ギ]	[[うたが,う]]	5
309500	宇	宀	6	[ウ]	[]	5
7055400	覧	見	17	[ラン]	[]	5
6329100	暮	日	14	[ボ]	[[く,れる],[く,らす]]	5
5495600	納	糸	10	[ノウ,ナッ]	[[おさ,める],[おさ,まる]]	5
4650700	暖	日	13	[ダン]	[[あたた,か],[あたた,かい],[あたた,まる],[あたた,める]]	5
4061700	洗	氵	9	[セン]	[[あら,う]]	5
3299000	署	罒	13	[ショ]	[]	5
2763100	姿	女	9	[シ]	[[すがた]]	5
2112300	誤	訁	14	[ゴ]	[[あやま,る]]	5
1377400	吸	口	6	[キュウ]	[[す,う]]	5
387400	映	日	9	[エイ]	[[うつ,る],[うつ,す],[は,える]]	5
7089000	裏	衣	13	[リ]	[[うら]]	5
6348000	宝	宀	8	[ホウ]	[[たから]]	5
5500700	脳	月	11	[ノウ]	[]	5
4675200	値	亻	10	[チ]	[[ね],[あたい]]	5
4056800	染	木	9	[セン]	[[そ,める],[そ,まる],[し,みる],[し,み]]	5
3302400	諸	訁	15	[ショ]	[]	5
2793500	視	見	11	[シ]	[]	5
2162500	后	口	6	[コウ]	[]	5
1490800	供	亻	8	[キョウ,ク]	[[そな,える],[とも]]	5
440400	延	廴	8	[エン]	[[の,びる],[の,べる],[の,ばす]]	5
7109800	律	彳	9	[リツ,リチ]	[]	5
6384500	訪	訁	11	[ホウ]	[[おとず,れる],[たず,ねる]]	5
5529500	派	氵	9	[ハ]	[]	5
4735300	宙	宀	8	[チュウ]	[]	5
4094900	銭	金	14	[セン]	[[ぜに]]	5
3326100	除	阝	10	[ジョ,ジ]	[[のぞ,く]]	5
2805800	詞	訁	12	[シ]	[]	5
2180100	孝	子	7	[コウ]	[]	5
1509700	胸	月	10	[キョウ]	[[むね],[むな]]	5
443500	沿	氵	8	[エン]	[[そ,う]]	5
7216700	臨	臣	18	[リン]	[[のぞ,む]]	5
6414400	亡	亠	3	[ボウ,モウ]	[[な,い]]	5
5555200	拝	扌	8	[ハイ]	[[おが,む]]	5
4736000	忠	心	8	[チュウ]	[]	5
4141100	善	口	12	[ゼン]	[[よ,い]]	5
3361100	承	手	8	[ショウ]	[[うけたまわ,る]]	5
2825200	誌	訁	14	[シ]	[]	5
2216400	皇	白	9	[コウ,オウ]	[]	5
1528500	郷	阝	11	[キョウ,ゴウ]	[]	5
600100	恩	心	10	[オン]	[]	5
7355900	朗	月	10	[ロウ]	[[ほが,らか]]	5
6423400	忘	心	7	[ボウ]	[[わす,れる]]	5
5559900	背	肉	9	[ハイ]	[[せ],[せい],[そむ,く],[そむ,ける]]	5
4766800	著	艹	11	[チョ]	[[あらわ,す],[いちじる,しい]]	5
4215200	奏	大	9	[ソウ]	[[かな,でる]]	5
3375200	将	寸	10	[ショウ]	[]	5
2890700	磁	石	14	[ジ]	[]	5
2218800	紅	糸	9	[コウ,ク]	[[べに],[くれない]]	5
1621200	勤	力	12	[キン,ゴン]	[[つと,める],[つと,まる]]	5
733500	我	戈	7	[ガ]	[[われ],[わ]]	5
7394000	論	訁	15	[ロン]	[]	5
6448900	棒	木	12	[ボウ]	[]	5
5564100	肺	月	9	[ハイ]	[]	5
4778800	庁	广	5	[チョウ]	[]	5
4247700	窓	穴	11	[ソウ]	[[まど]]	5
3425400	傷	亻	13	[ショウ]	[[きず],[いた,む],[いた,める]]	5
2974700	射	寸	10	[シャ]	[[い,る]]	5
2247900	降	阝	10	[コウ]	[[お,りる],[お,ろす],[ふ,る]]	5
1626100	筋	竹	12	[キン]	[[すじ]]	5
765200	灰	火	6	[カイ]	[[はい]]	5
6533100	枚	木	8	[マイ]	[]	5
5566300	俳	亻	10	[ハイ]	[]	5
4802600	頂	頁	11	[チョウ]	[[いただ,く],[いただき]]	5
4248700	創	刂	12	[ソウ]	[[つく,る]]	5
3441800	障	阝	14	[ショウ]	[[さわ,る]]	5
2977700	捨	扌	11	[シャ]	[[す,てる]]	5
2319500	鋼	金	16	[コウ]	[[はがね]]	5
1758100	系	糸	7	[ケイ]	[]	5
886600	拡	扌	8	[カク]	[]	5
6541300	幕	巾	13	[マク,バク]	[]	5
5748000	班	王	10	[ハン]	[]	5
4818000	腸	月	13	[チョウ]	[]	5
4258800	装	衣	12	[ソウ,ショウ]	[[よそお,う]]	5
3519600	蒸	艹	13	[ジョウ]	[[む,す],[む,れる],[む,らす]]	5
2999700	尺	尸	4	[シャク]	[]	5
2371000	刻	刂	8	[コク]	[[きざ,む]]	5
1789800	敬	攵	12	[ケイ]	[[うやま,う]]	5
890000	革	革	9	[カク]	[[かわ]]	5
6612700	密	宀	11	[ミツ]	[]	5
5777400	晩	日	12	[バン]	[]	5
4829500	潮	氵	15	[チョウ]	[[しお]]	5
4273100	層	尸	14	[ソウ]	[]	5
3630400	針	金	10	[シン]	[[はり]]	5
3015400	若	艹	8	[ジャク]	[[わか,い],[も,しくは]]	5
2384200	穀	禾	14	[コク]	[]	5
1822900	警	言	19	[ケイ]	[]	5
910200	閣	門	14	[カク]	[]	5
6689500	盟	皿	13	[メイ]	[]	5
5797700	否	口	7	[ヒ]	[[いな]]	5
4872100	賃	貝	13	[チン]	[]	5
4293000	操	扌	16	[ソウ]	[[みさお],[あやつ,る]]	5
3694400	仁	亻	4	[ジン,ニ]	[]	5
3088900	樹	木	16	[ジュ]	[]	5
2398600	骨	骨	10	[コツ]	[[ほね]]	5
1841700	劇	刂	15	[ゲキ]	[]	5
970900	割	刂	12	[カツ]	[[わ,る],[わり],[わ,れる],[さ,く]]	5
6718000	模	木	14	[モ,ボ]	[]	5
5801400	批	扌	7	[ヒ]	[]	5
4893600	痛	疒	12	[ツウ]	[[いた,い],[いた,む],[いた,める]]	5
4324100	蔵	艹	15	[ゾウ]	[[くら]]	5
3740600	垂	土	8	[スイ]	[[た,れる],[た,らす]]	5
3093900	収	又	4	[シュウ]	[[おさ,める],[おさ,まる]]	5
2420500	困	囗	7	[コン]	[[こま,る]]	5
1846000	激	氵	16	[ゲキ]	[[はげ,しい]]	5
993400	株	木	10	[]	[[かぶ]]	5
6802600	訳	訁	11	[ヤク]	[[わけ]]	5
5824500	秘	禾	10	[ヒ]	[[ひ,める]]	5
5009100	敵	攵	15	[テキ]	[[かたき]]	5
4326900	臓	月	19	[ゾウ]	[]	5
3750300	推	扌	11	[スイ]	[[お,す]]	5
3105000	宗	宀	8	[シュウ,ソウ]	[]	5
2462100	砂	石	9	[サ,シャ]	[[すな]]	5
1857100	穴	穴	5	[ケツ]	[[あな]]	5
1012200	干	干	3	[カン]	[[ほ,す],[ひ,る]]	5
6869100	郵	阝	11	[ユウ]	[]	5
5936400	俵	亻	10	[ヒョウ]	[[たわら]]	5
5059000	展	尸	10	[テン]	[]	5
4377600	存	子	6	[ソン,ゾン]	[]	5
3811900	寸	寸	3	[スン]	[]	5
3131300	就	尢	12	[シュウ,ジュ]	[[つ,く],[つ,ける]]	5
2483300	座	广	10	[ザ]	[[すわ,る]]	5
1902500	券	刀	8	[ケン]	[]	5
1042200	巻	㔾	9	[カン]	[[ま,く],[まき]]	5
6892500	優	亻	17	[ユウ]	[[やさ,しい],[すぐ,れる]]	5
6116000	腹	月	13	[フク]	[[はら]]	5
5183500	討	訁	10	[トウ]	[[う,つ]]	5
4383300	尊	寸	12	[ソン]	[[たっと,い],[とうと,い],[たっと,ぶ],[とうと,ぶ]]	5
3895300	盛	皿	11	[セイ]	[[も,る],[さか,る],[さか,ん]]	5
3135100	衆	血	12	[シュウ,シュ]	[]	5
2510000	済	氵	11	[サイ]	[[す,む],[す,ます]]	5
1949500	絹	糸	13	[ケン]	[[きぬ]]	5
1048700	看	目	9	[カン]	[]	5
6918300	預	頁	13	[ヨ]	[[あず,ける],[あず,かる]]	5
6172000	奮	大	16	[フン]	[[ふる,う]]	5
5171600	党	儿	10	[トウ]	[]	5
4446200	退	辶	9	[タイ]	[[しりぞ,く],[しりぞ,ける]]	5
3908700	聖	耳	13	[セイ]	[]	5
3180400	従	彳	10	[ジュウ,ショウ]	[[したが,う],[したが,える]]	5
2527700	裁	衣	12	[サイ]	[[た,つ],[さば,く]]	5
1958200	権	木	15	[ケン,ゴン]	[]	5
1134900	簡	竹	18	[カン]	[]	5
3603100	侵	亻	9	[シン]	[[おか,す]]	4
3187800	獣	犬	16	[ジュウ]	[[けもの]]	4
2800900	紫	糸	12	[シ]	[[むらさき]]	4
2285900	項	頁	12	[コウ]	[]	4
1913700	兼	八	10	[ケン]	[[か,ねる]]	4
1496000	況	氵	8	[キョウ]	[]	4
1277400	輝	車	15	[キ]	[[かがや,く]]	4
902300	較	車	13	[カク]	[]	4
459000	援	扌	12	[エン]	[]	4
50200	握	扌	12	[アク]	[[にぎ,る]]	4
3615600	振	扌	10	[シン]	[[ふ,る],[ふ,るう],[ふ,れる]]	4
3243400	瞬	目	18	[シュン]	[[またた,く]]	4
2825800	雌	隹	14	[シ]	[[め],[めす]]	4
2309500	稿	禾	15	[コウ]	[]	4
1915800	剣	刂	10	[ケン]	[[つるぎ]]	4
1502100	狭	犭	9	[キョウ]	[[せま,い],[せば,める],[せば,まる]]	4
1311500	儀	亻	15	[ギ]	[]	4
914100	獲	犭	16	[カク]	[[え,る]]	4
464800	煙	火	13	[エン]	[[けむ,る],[けむり],[けむ,い]]	4
71500	扱	扌	6	[]	[[あつか,う]]	4
3618000	浸	氵	10	[シン]	[[ひた,す],[ひた,る]]	4
3248400	旬	日	6	[ジュン,シュン]	[]	4
2930000	執	土	11	[シツ,シュウ]	[[と,る]]	4
2354400	豪	支豕	14	[ゴウ]	[]	4
1922700	軒	車	10	[ケン]	[[のき]]	4
1505400	恐	心	10	[キョウ]	[[おそ,れる],[おそ,ろしい]]	4
1313000	戯	戈	15	[ギ]	[[たわむ,れる]]	4
1005300	刈	刂	4	[]	[[か,る]]	4
475400	鉛	金	13	[エン]	[[なまり]]	4
130400	依	亻	8	[イ,エ]	[]	4
3644700	寝	宀	13	[シン]	[[ね,る],[ね,かす]]	4
3246000	巡	巛	6	[ジュン]	[[めぐ,る]]	4
2956700	芝	艹	6	[]	[[しば]]	4
2411400	込	辶	5	[]	[[こ,む],[こ,める]]	4
1932600	圏	囗	12	[ケン]	[]	4
1553900	響	音	20	[キョウ]	[[ひび,く]]	4
1343900	詰	訁	13	[キツ]	[[つ,める],[つ,まる],[つ,む]]	4
1017000	甘	甘	5	[カン]	[[あま,い],[あま,える],[あま,やかす]]	4
483000	縁	糸	15	[エン]	[[ふち]]	4
135100	威	女	9	[イ]	[]	4
3648500	慎	忄	13	[シン]	[[つつし,む]]	4
3251100	盾	目	9	[ジュン]	[[たて]]	4
2979200	斜	斗	11	[シャ]	[[なな,め]]	4
2432400	婚	女	11	[コン]	[]	4
1933600	堅	土	12	[ケン]	[[かた,い]]	4
1556400	驚	馬	22	[キョウ]	[[おどろ,く],[おどろ,かす]]	4
1348700	却	卩	7	[キャク]	[]	4
1023100	汗	氵	6	[カン]	[[あせ]]	4
498600	汚	氵	6	[オ]	[[けが,す],[けが,れる],[けが,らわしい],[よご,す],[よご,れる],[きたな,い]]	4
138600	為	灬	9	[イ]	[]	4
3664600	震	雨	15	[シン]	[[ふる,う],[ふる,える]]	4
3348400	召	口	5	[ショウ]	[[め,す]]	4
2983500	煮	灬	12	[シャ]	[[に,る],[に,える],[に,やす]]	4
2479700	鎖	金	18	[サ]	[[くさり]]	4
1952400	遣	辶	13	[ケン]	[[つか,う],[つか,わす]]	4
1559500	仰	亻	6	[ギョウ,コウ]	[[あお,ぐ],[おお,せ]]	4
1352200	脚	月	11	[キャク,キャ]	[[あし]]	4
1056200	乾	乙	11	[カン]	[[かわ,く],[かわ,かす]]	4
515400	押	扌	8	[オウ]	[[お,す],[お,さえる]]	4
157800	偉	亻	12	[イ]	[[えら,い]]	4
3667000	薪	艹	16	[シン]	[[たきぎ]]	4
3352700	床	广	7	[ショウ]	[[とこ],[ゆか]]	4
3008600	釈	釆	11	[シャク]	[]	4
2506300	彩	彡	11	[サイ]	[[いろど,る]]	4
1987900	玄	玄	5	[ゲン]	[]	4
1668200	駆	馬	14	[ク]	[[か,ける],[か,る]]	4
1365500	及	又	3	[キュウ]	[[およ,ぶ],[およ,び],[およ,ぼす]]	4
1091300	勧	力	13	[カン]	[[すす,める]]	4
526500	奥	大	12	[オウ]	[[おく]]	4
169400	違	辶	13	[イ]	[[ちが,う],[ちが,える]]	4
3697400	尽	尸	6	[ジン]	[[つ,くす],[つ,きる],[つ,かす]]	4
3367600	沼	氵	8	[ショウ]	[[ぬま]]	4
3021200	寂	宀	11	[ジャク,セキ]	[[さび],[さび,しい],[さび,れる]]	4
2534000	歳	止	13	[サイ,セイ]	[]	4
2048800	枯	木	9	[コ]	[[か,れる],[か,らす]]	4
1702900	屈	尸	8	[クツ]	[]	4
1369600	丘	一	5	[キュウ]	[[おか]]	4
1112300	歓	欠	15	[カン]	[]	4
556600	憶	忄	16	[オク]	[]	4
171200	維	糸	14	[イ]	[]	4
3704400	陣	阝	10	[ジン]	[]	4
3385400	称	禾	10	[ショウ]	[]	4
3050800	朱	木	6	[シュ]	[]	4
2536600	載	車	13	[サイ]	[[の,せる],[の,る]]	4
2069700	誇	訁	13	[コ]	[[ほこ,る]]	4
1705800	掘	扌	11	[クツ]	[[ほ,る]]	4
1379000	朽	木	6	[キュウ]	[[く,ちる]]	4
1115100	監	皿	15	[カン]	[]	4
688000	菓	艹	11	[カ]	[]	4
182600	緯	糸	16	[イ]	[]	4
3706700	尋	寸	12	[ジン]	[[たず,ねる]]	4
3401100	紹	糸	11	[ショウ]	[]	4
3055500	狩	犭	9	[シュ]	[[か,る],[か,り]]	4
2549000	剤	刂	10	[ザイ]	[]	4
2072700	鼓	鼓	13	[コ]	[[つづみ]]	4
1721900	繰	糸	19	[]	[[く,る]]	4
1422400	巨	工	5	[キョ]	[]	4
1128600	環	王	17	[カン]	[]	4
702800	暇	日	13	[カ]	[[ひま]]	4
246300	壱	士	7	[イチ]	[]	4
3738600	吹	口	7	[スイ]	[[ふ,く]]	4
3432500	詳	訁	13	[ショウ]	[[くわ,しい]]	4
3073300	趣	走	15	[シュ]	[[おもむき]]	4
2582900	咲	口	9	[]	[[さ,く]]	4
2087600	互	二	4	[ゴ]	[[たが,い]]	4
1772800	恵	心	10	[ケイ,エ]	[[めぐ,む]]	4
1428900	拠	扌	8	[キョ,コ]	[]	4
1147800	鑑	金	23	[カン]	[[かんが,みる]]	4
716700	箇	竹	14	[カ]	[]	4
263200	芋	艹	6	[]	[[いも]]	4
3818300	是	日	9	[ゼ]	[]	4
3488100	丈	一	3	[ジョウ]	[[たけ]]	4
3087000	需	雨	14	[ジュ]	[]	4
2654100	惨	忄	11	[サン,ザン]	[[みじ,め]]	4
2182300	抗	扌	7	[コウ]	[]	4
1799500	傾	亻	13	[ケイ]	[[かたむ,く],[かたむ,ける]]	4
1442900	距	足	12	[キョ]	[]	4
1153500	含	口	7	[ガン]	[[ふく,む],[ふく,める]]	4
748700	雅	隹	13	[ガ]	[]	4
291000	陰	阝	11	[イン]	[[かげ],[かげ,る]]	4
3859600	姓	女	8	[セイ,ショウ]	[]	4
3517400	畳	田	12	[ジョウ]	[[たた,む],[たたみ]]	4
3099200	舟	舟	6	[シュウ]	[[ふね],[ふな]]	4
2727500	旨	日	6	[シ]	[[むね]]	4
2184100	攻	攵	7	[コウ]	[[せ,める]]	4
1803100	継	糸	13	[ケイ]	[[つ,ぐ]]	4
1454300	御	彳	12	[ギョ,ゴ]	[[おん]]	4
1201600	奇	大	8	[キ]	[]	4
754800	介	人	4	[カイ]	[]	4
301700	隠	阝	14	[イン]	[[かく,す],[かく,れる]]	4
3860400	征	彳	8	[セイ]	[]	4
3547500	殖	歹	12	[ショク]	[[ふ,える],[ふ,やす]]	4
3100600	秀	禾	7	[シュウ]	[[ひい,でる]]	4
2740800	伺	亻	7	[シ]	[[うかが,う]]	4
2185800	更	曰	7	[コウ]	[[さら],[ふ,ける],[ふ,かす]]	4
1830800	迎	辶	7	[ゲイ]	[[むか,える]]	4
1473600	凶	凵	4	[キョウ]	[]	4
1208400	祈	礻	8	[キ]	[[いの,る]]	4
769000	戒	戈	7	[カイ]	[[いまし,める]]	4
397900	影	彡	15	[エイ]	[[かげ]]	4
3972400	跡	足	13	[セキ]	[[あと]]	4
3552100	飾	食	13	[ショク]	[[かざ,る]]	4
3156800	襲	衣	22	[シュウ]	[[おそ,う]]	4
2752200	刺	刂	8	[シ]	[[さ,す],[さ,さる]]	4
2210600	恒	忄	9	[コウ]	[]	4
1844000	撃	手	15	[ゲキ]	[[う,つ]]	4
1481800	叫	口	6	[キョウ]	[[さけ,ぶ]]	4
1229700	鬼	鬼	10	[キ]	[[おに]]	4
796100	皆	白	9	[カイ]	[[みな]]	4
400100	鋭	金	15	[エイ]	[[するど,い]]	4
4038500	占	卜	5	[セン]	[[し,める],[うらな,う]]	4
3550000	触	角	13	[ショク]	[[ふ,れる],[さわ,る]]	4
3172800	柔	木	9	[ジュウ,ニュウ]	[[やわ,らか],[やわ,らかい]]	4
2785300	脂	月	10	[シ]	[[あぶら]]	4
2223800	荒	艹	9	[コウ]	[[あら,い],[あ,れる],[あ,らす]]	4
1903200	肩	肉	8	[ケン]	[[かた]]	4
1485400	狂	犭	7	[キョウ]	[[くる,う],[くる,おしい]]	4
1248400	幾	幺	12	[キ]	[[いく]]	4
825600	壊	土	16	[カイ]	[[こわ,す],[こわ,れる]]	4
426000	越	走	12	[エツ]	[[こ,す],[こ,える]]	4
7271500	麗	鹿	19	[レイ]	[[うるわ,しい]]	4
6966700	腰	月	13	[ヨウ]	[[こし]]	4
6588000	漫	氵	14	[マン]	[]	4
6209100	柄	木	9	[ヘイ]	[[がら],[え]]	4
5877000	微	彳	13	[ビ]	[]	4
5639900	薄	艹	16	[ハク]	[[うす,い],[うす,める],[うす,まる],[うす,らぐ],[うす,れる]]	4
5219600	稲	禾	14	[トウ]	[[いね],[いな]]	4
5004300	滴	氵	14	[テキ]	[[しずく],[したた,る]]	4
4602900	淡	氵	11	[タン]	[[あわ,い]]	4
4066300	扇	戸	10	[セン]	[[おうぎ]]	4
7277300	暦	日	14	[レキ]	[[こよみ]]	4
6974300	踊	足	14	[ヨウ]	[[おど,る],[おど,り]]	4
6624100	妙	女	7	[ミョウ]	[]	4
6234800	壁	土	16	[ヘキ]	[[かべ]]	4
5901300	匹	匸	4	[ヒツ]	[[ひき]]	4
5656500	爆	火	19	[バク]	[]	4
5226400	踏	足	15	[トウ]	[[ふ,む],[ふ,まえる]]	4
5061100	添	氵	11	[テン]	[[そ,える],[そ,う]]	4
4614300	嘆	口	13	[タン]	[[なげ,く],[なげ,かわしい]]	4
4117400	鮮	魚	17	[セン]	[[あざ,やか]]	4
7287100	劣	力	6	[レツ]	[[おと,る]]	4
6980700	謡	訁	16	[ヨウ]	[[うたい],[うた,う]]	4
6633100	眠	目	10	[ミン]	[[ねむ,る],[ねむ,い]]	4
6303900	捕	扌	10	[ホ]	[[と,らえる],[と,らわれる],[と,る],[つか,まえる],[つか,まる]]	4
5961300	描	扌	11	[ビョウ]	[[えが,く],[か,く]]	4
5693400	髪	髟	14	[ハツ]	[[かみ]]	4
5243700	闘	門	18	[トウ]	[[たたか,う]]	4
5091500	殿	殳	13	[デン,テン]	[[との],[どの]]	4
4617700	端	立	14	[タン]	[[はし],[は],[はた]]	4
4184100	訴	訁	12	[ソ]	[[うった,える]]	4
7289600	烈	灬	10	[レツ]	[]	4
6999600	翼	羽	17	[ヨク]	[[つばさ]]	4
6634200	矛	矛	5	[ム]	[[ほこ]]	4
6315500	舗	舌	15	[ホ]	[]	4
5975600	浜	氵	10	[ヒン]	[[はま]]	4
5698600	抜	扌	7	[バツ]	[[ぬ,く],[ぬ,ける],[ぬ,かす],[ぬ,かる]]	4
5265900	胴	月	10	[ドウ]	[]	4
5100500	吐	口	6	[ト]	[[は,く]]	4
4647800	弾	弓	12	[ダン]	[[ひ,く],[はず,む],[たま]]	4
4260800	僧	亻	13	[ソウ]	[]	4
7292200	恋	心	10	[レン]	[[こ,う],[こい],[こい,しい]]	4
7024700	雷	雨	13	[ライ]	[[かみなり]]	4
6654300	霧	雨	19	[ム]	[[きり]]	4
6351800	抱	扌	8	[ホウ]	[[だ,く],[いだ,く],[かか,える]]	4
5989500	敏	攵	10	[ビン]	[]	4
5703400	罰	罒	14	[バツ,バチ]	[]	4
5290100	峠	山	9	[]	[[とうげ]]	4
5113100	途	辶	10	[ト]	[]	4
4676500	恥	心	10	[チ]	[[は,じる],[はじ],[は,じらう],[は,ずかしい]]	4
4297100	燥	火	17	[ソウ]	[]	4
7334700	露	雨	21	[ロ,ロウ]	[[つゆ]]	4
7029200	頼	頁	16	[ライ]	[[たの,む],[たの,もしい],[たよ,る]]	4
6660400	娘	女	10	[]	[[むすめ]]	4
6373900	峰	山	10	[ホウ]	[[みね]]	4
6031100	怖	忄	8	[フ]	[[こわ,い]]	4
5749900	般	舟	10	[ハン]	[]	4
5332800	突	穴	8	[トツ]	[[つ,く]]	4
5119900	渡	氵	12	[ト]	[[わた,る],[わた,す]]	4
4677800	致	至	10	[チ]	[[いた,す]]	4
4307100	騒	馬	18	[ソウ]	[[さわ,ぐ]]	4
7353100	郎	阝	9	[ロウ]	[]	4
7033900	絡	糸	12	[ラク]	[[から,む],[から,まる],[から,める]]	4
6716000	茂	艹	8	[モ]	[[しげ,る]]	4
6376700	砲	石	10	[ホウ]	[]	4
6043200	浮	氵	10	[フ]	[[う,く],[う,かれる],[う,かぶ],[う,かべる]]	4
5752100	販	貝	11	[ハン]	[]	4
5364200	鈍	金	12	[ドン]	[[にぶ,い],[にぶ,る]]	4
5134300	奴	女	5	[ド]	[]	4
4681400	遅	辶	12	[チ]	[[おく,れる],[おく,らす],[おそ,い]]	4
4325600	贈	貝	18	[ゾウ,ソウ]	[[おく,る]]	4
7421000	惑	心	12	[ワク]	[[まど,う]]	4
7063400	欄	木	20	[ラン]	[]	4
6729900	猛	犭	11	[モウ]	[]	4
6418400	忙	忄	6	[ボウ]	[[いそが,しい]]	4
6056200	普	日	12	[フ]	[]	4
5757800	搬	扌	13	[ハン]	[]	4
5367800	曇	日	16	[ドン]	[[くも,る]]	4
5140700	怒	心	9	[ド]	[[いか,る],[おこ,る]]	4
4703500	蓄	艹	13	[チク]	[[たくわ,える]]	4
4330600	即	卩	7	[ソク]	[]	4
7434400	腕	月	12	[ワン]	[[うで]]	4
7095000	離	隹	18	[リ]	[[はな,れる],[はな,す]]	4
6733500	網	糸	14	[モウ]	[[あみ]]	4
6420700	坊	土	7	[ボウ,ボッ]	[]	4
6062300	腐	肉	14	[フ]	[[くさ,る],[くさ,れる],[くさ,らす]]	4
5765300	範	竹	15	[ハン]	[]	4
5424700	弐	弋	6	[ニ]	[]	4
5161900	到	刂	8	[トウ]	[]	4
4819600	跳	足	13	[チョウ]	[[は,ねる],[と,ぶ]]	4
4353400	俗	亻	9	[ゾク]	[]	4
7134300	粒	米	11	[リュウ]	[[つぶ]]	4
6748600	黙	黒	15	[モク]	[[だま,る]]	4
6429600	肪	月	8	[ボウ]	[]	4
6065500	敷	攵	15	[フ]	[[し,く]]	4
5767300	繁	糸	16	[ハン]	[]	4
5494700	悩	忄	10	[ノウ]	[[なや,む],[なや,ます]]	4
5168000	逃	辶	9	[トウ]	[[に,げる],[に,がす],[のが,す],[のが,れる]]	4
4820900	徴	彳	14	[チョウ]	[]	4
4443300	耐	而	9	[タイ]	[[た,える]]	4
7148600	慮	心	15	[リョ]	[]	4
6770300	紋	糸	10	[モン]	[]	4
6433700	冒	曰	9	[ボウ]	[[おか,す]]	4
6066800	膚	肉	15	[フ]	[]	4
5785100	盤	皿	15	[バン]	[]	4
5505200	濃	氵	16	[ノウ]	[[こ,い]]	4
5169800	倒	亻	10	[トウ]	[[たお,れる],[たお,す]]	4
4831400	澄	氵	15	[チョウ]	[[す,む],[す,ます]]	4
4457800	替	曰	12	[タイ]	[[か,える],[か,わる]]	4
7187700	療	疒	17	[リョウ]	[]	4
6808900	躍	足	21	[ヤク]	[[おど,る]]	4
6445200	傍	亻	12	[ボウ]	[[かたわ,ら]]	4
6067600	賦	貝	15	[フ]	[]	4
5802500	彼	彳	8	[ヒ]	[[かれ],[かの]]	4
5558500	杯	木	8	[ハイ]	[[さかずき]]	4
5175300	唐	口	10	[トウ]	[[から]]	4
4859500	沈	氵	7	[チン]	[[しず,む],[しず,める]]	4
4524900	沢	氵	7	[タク]	[[さわ]]	4
7213100	隣	阝	16	[リン]	[[とな,る],[となり]]	4
6879300	雄	隹	12	[ユウ]	[[お],[おす]]	4
6447900	帽	巾	12	[ボウ]	[]	4
6082200	舞	舛	15	[ブ]	[[ま,う],[まい]]	4
5823500	疲	疒	10	[ヒ]	[[つか,れる]]	4
5583500	輩	車	15	[ハイ]	[]	4
5180900	桃	木	10	[トウ]	[[もも]]	4
4864800	珍	王	9	[チン]	[[めずら,しい]]	4
4528500	拓	扌	8	[タク]	[]	4
7227300	涙	氵	10	[ルイ]	[[なみだ]]	4
6904500	与	一	3	[ヨ]	[[あた,える]]	4
6516400	凡	几	3	[ボン,ハン]	[]	4
6109100	幅	巾	12	[フク]	[[はば]]	4
5828100	被	衤	10	[ヒ]	[[こうむ,る]]	4
5624800	拍	扌	8	[ハク,ヒョウ]	[]	4
5184800	透	辶	10	[トウ]	[[す,く],[す,かす],[す,ける]]	4
4950300	抵	扌	8	[テイ]	[]	4
4540600	濁	氵	16	[ダク]	[[にご,る],[にご,す]]	4
7265900	隷	隶	16	[レイ]	[]	4
6917400	誉	言	13	[ヨ]	[[ほま,れ]]	4
6518500	盆	皿	9	[ボン]	[]	4
6136600	払	扌	5	[フツ]	[[はら,う]]	4
5850800	避	辶	16	[ヒ]	[[さ,ける]]	4
5626100	泊	氵	8	[ハク]	[[と,まる],[と,める]]	4
5192100	盗	皿	11	[トウ]	[[ぬす,む]]	4
4971700	堤	土	12	[テイ]	[[つつみ]]	4
4564000	脱	月	11	[ダツ]	[[ぬ,ぐ],[ぬ,げる]]	4
7269000	齢	歯	17	[レイ]	[]	4
6963700	溶	氵	13	[ヨウ]	[[と,ける],[と,かす],[と,く]]	4
6586900	慢	忄	14	[マン]	[]	4
6167600	噴	口	15	[フン]	[[ふ,く]]	4
5859500	尾	尸	7	[ビ]	[[お]]	4
5627300	迫	辶	8	[ハク]	[[せま,る]]	4
5197200	塔	土	12	[トウ]	[]	4
5003000	摘	扌	14	[テキ]	[[つ,む]]	4
4584200	丹	丶	4	[タン]	[]	4
3898700	婿	女	12	[セイ]	[[むこ]]	3
3530200	譲	訁	20	[ジョウ]	[[ゆず,る]]	3
3061300	殊	歹	10	[シュ]	[[こと]]	3
2564900	削	刂	9	[サク]	[[けず,る]]	3
2195500	拘	扌	8	[コウ]	[]	3
1813000	憩	心	16	[ケイ]	[[いこ,い],[いこ,う]]	3
1342300	喫	口	12	[キツ]	[]	3
1066300	貫	貝	11	[カン]	[[つらぬ,く]]	3
751000	餓	食	15	[ガ]	[]	3
14800	哀	口	9	[アイ]	[[あわ,れ],[あわ,れむ]]	3
3928300	請	訁	15	[セイ,シン]	[[こ,う],[う,ける]]	3
3553200	嘱	口	15	[ショク]	[]	3
3076900	寿	寸	7	[ジュ]	[[ことぶき]]	3
2575900	搾	扌	13	[サク]	[[しぼ,る]]	3
2228000	郊	阝	9	[コウ]	[]	3
1825700	鶏	鳥	19	[ケイ]	[[にわとり]]	3
1354000	虐	虍	9	[ギャク]	[[しいた,げる]]	3
1068100	喚	口	12	[カン]	[]	3
775800	怪	忄	8	[カイ]	[[あや,しい],[あや,しむ]]	3
173100	慰	心	15	[イ]	[[なぐさ,める],[なぐさ,む]]	3
3947300	斥	斤	5	[セキ]	[]	3
3561600	辱	辰	10	[ジョク]	[[はずかし,める]]	3
3268000	潤	氵	15	[ジュン]	[[うるお,う],[うるお,す],[うる,む]]	3
2579100	錯	金	16	[サク]	[]	3
2261300	控	扌	11	[コウ]	[[ひか,える]]	3
1834600	鯨	魚	19	[ゲイ]	[[くじら]]	3
1436100	虚	虍	11	[キョ,コ]	[]	3
1076800	換	扌	12	[カン]	[[か,える],[か,わる]]	3
782100	悔	忄	9	[カイ]	[[く,いる],[く,やむ],[くや,しい]]	3
395000	詠	訁	12	[エイ]	[[よ,む]]	3
3965500	隻	隹	10	[セキ]	[]	3
3584200	伸	亻	7	[シン]	[[の,びる],[の,ばす],[の,べる]]	3
3270200	遵	辶	15	[ジュン]	[]	3
2601800	撮	扌	15	[サツ]	[[と,る]]	3
2274800	慌	忄	12	[コウ]	[[あわ,てる],[あわ,ただしい]]	3
1911400	倹	亻	10	[ケン]	[]	3
1498200	峡	山	9	[キョウ]	[]	3
1078300	敢	攵	12	[カン]	[]	3
813000	塊	土	13	[カイ]	[[かたまり]]	3
424700	悦	忄	10	[エツ]	[]	3
3966800	惜	忄	11	[セキ]	[[お,しい],[お,しむ]]	3
3594700	辛	辛	7	[シン]	[[から,い]]	3
3313800	如	女	6	[ジョ,ニョ]	[]	3
2603600	擦	扌	17	[サツ]	[[す,る],[す,れる]]	3
2278500	硬	石	12	[コウ]	[[かた,い]]	3
1964100	賢	貝	16	[ケン]	[[かしこ,い]]	3
1512900	脅	肉	10	[キョウ]	[[おびや,かす],[おど,す],[おど,かす]]	3
1116800	緩	糸	15	[カン]	[[ゆる,い],[ゆる,やか],[ゆる,む],[ゆる,める]]	3
859600	慨	忄	13	[ガイ]	[]	3
429900	閲	門	15	[エツ]	[]	3
3982000	籍	竹	20	[セキ]	[]	3
3661400	審	宀	15	[シン]	[]	3
3324600	徐	彳	10	[ジョ]	[]	3
2688600	暫	日	15	[ザン]	[]	3
2280800	絞	糸	12	[コウ]	[[しぼ,る],[し,める],[し,まる]]	3
1986200	幻	幺	4	[ゲン]	[[まぼろし]]	3
1568000	凝	冫	16	[ギョウ]	[[こ,る],[こ,らす]]	3
1178800	企	人	6	[キ]	[[くわだ,てる]]	3
863700	該	訁	13	[ガイ]	[]	3
444600	炎	火	8	[エン]	[[ほのお]]	3
4006400	摂	扌	13	[セツ]	[]	3
3743500	炊	火	8	[スイ]	[[た,く]]	3
3350600	匠	匚	6	[ショウ]	[]	3
2759500	祉	礻	8	[シ]	[]	3
2304100	綱	糸	14	[コウ]	[[つな]]	3
2042800	孤	子	9	[コ]	[]	3
1595900	斤	斤	4	[キン]	[]	3
1196700	忌	心	7	[キ]	[[い,む],[い,まわしい]]	3
864600	概	木	14	[ガイ]	[]	3
451100	宴	宀	10	[エン]	[]	3
4099500	潜	氵	15	[セン]	[[ひそ,む],[もぐ,る]]	3
3745600	粋	米	10	[スイ]	[[いき]]	3
3362700	昇	日	8	[ショウ]	[[のぼ,る]]	3
2772400	施	方	9	[シ,セ]	[[ほどこ,す]]	3
2307900	酵	酉	14	[コウ]	[]	3
2045200	弧	弓	9	[コ]	[]	3
1635200	緊	糸	15	[キン]	[]	3
1213100	軌	車	9	[キ]	[]	3
897500	郭	阝	11	[カク]	[]	3
519000	欧	欠	8	[オウ]	[]	3
4151800	繕	糸	18	[ゼン]	[[つくろ,う]]	3
3747300	衰	衣	10	[スイ]	[[おとろ,える]]	3
3407600	掌	手	12	[ショウ]	[]	3
2836400	諮	訁	16	[シ]	[[はか,る]]	3
2367000	克	儿	7	[コク]	[]	3
2067600	雇	隹	12	[コ]	[[やと,う]]	3
1676400	愚	心	13	[グ]	[[おろ,か]]	3
1219300	既	旡	10	[キ]	[[すで,に]]	3
903200	隔	阝	13	[カク]	[[へだ,てる],[へだ,たる]]	3
520100	殴	殳	8	[オウ]	[[なぐ,る]]	3
4157600	阻	阝	8	[ソ]	[[はば,む]]	3
3753900	酔	酉	11	[スイ]	[[よ,う]]	3
3409600	晶	日	12	[ショウ]	[]	3
2869100	侍	亻	8	[ジ]	[[さむらい]]	3
2388400	獄	犭	14	[ゴク]	[]	3
2079000	顧	頁	21	[コ]	[[かえり,みる]]	3
1690000	偶	亻	11	[グウ]	[]	3
1252800	棋	木	12	[キ]	[]	3
918100	穫	禾	18	[カク]	[]	3
578500	乙	乙	1	[オツ]	[]	3
4170500	措	扌	11	[ソ]	[]	3
3757000	遂	辶	12	[スイ]	[[と,げる]]	3
3413900	焦	灬	12	[ショウ]	[[こ,げる],[こ,がす],[こ,がれる],[あせ,る]]	3
2884600	慈	心	13	[ジ]	[[いつく,しむ]]	3
2426000	恨	忄	9	[コン]	[[うら,む],[うら,めしい]]	3
2104500	娯	女	10	[ゴ]	[]	3
1693000	遇	辶	12	[グウ]	[]	3
1261100	棄	木	13	[キ]	[]	3
927500	岳	山	8	[ガク]	[[たけ]]	3
594500	卸	卩	9	[]	[[おろ,す],[おろし]]	3
4171600	粗	米	11	[ソ]	[[あら,い]]	3
3762400	穂	禾	15	[スイ]	[[ほ]]	3
3448200	衝	行	15	[ショウ]	[]	3
2909700	軸	車	12	[ジク]	[]	3
2438400	紺	糸	11	[コン]	[]	3
2105200	悟	忄	10	[ゴ]	[[さと,る]]	3
1752400	刑	刂	6	[ケイ]	[]	3
1290700	騎	馬	18	[キ]	[]	3
940800	掛	扌	11	[]	[[か,ける],[か,かる],[かかり]]	3
607600	穏	禾	16	[オン]	[[おだ,やか]]	3
4191700	礎	石	18	[ソ]	[[いしずえ]]	3
3769700	随	阝	12	[ズイ]	[]	3
3474700	鐘	金	20	[ショウ]	[[かね]]	3
2927600	疾	疒	10	[シツ]	[]	3
2445100	魂	鬼	14	[コン]	[[たましい]]	3
2137200	孔	子	4	[コウ]	[]	3
1765100	契	大	9	[ケイ]	[[ちぎ,る]]	3
1306400	欺	欠	12	[ギ]	[[あざむ,く]]	3
977200	滑	氵	13	[カツ,コツ]	[[すべ,る],[なめ,らか]]	3
654600	佳	亻	8	[カ]	[]	3
4195600	双	又	4	[ソウ]	[[ふた]]	3
3775900	髄	骨	19	[ズイ]	[]	3
3489900	冗	冖	4	[ジョウ]	[]	3
2933100	湿	氵	12	[シツ]	[[しめ,る],[しめ,す]]	3
2446200	墾	土	16	[コン]	[]	3
2141400	巧	工	5	[コウ]	[[たく,み]]	3
1776200	啓	口	11	[ケイ]	[]	3
1319600	犠	牛	17	[ギ]	[]	3
1031400	肝	月	7	[カン]	[[きも]]	3
666600	架	木	9	[カ]	[[か,ける],[か,かる]]	3
4235900	桑	木	10	[ソウ]	[[くわ]]	3
3817000	瀬	氵	19	[]	[[せ]]	3
3524500	嬢	女	16	[ジョウ]	[]	3
2980500	赦	赤	11	[シャ]	[]	3
2530000	債	亻	13	[サイ]	[]	3
2148100	甲	田	5	[コウ,カン]	[]	3
1777800	掲	扌	11	[ケイ]	[[かか,げる]]	3
1327100	菊	艹	11	[キク]	[]	3
1040000	冠	冖	9	[カン]	[[かんむり]]	3
684000	華	艹	10	[カ,ケ]	[[はな]]	3
4242500	掃	扌	11	[ソウ]	[[は,く]]	3
3878200	牲	牛	9	[セイ]	[]	3
3525600	錠	金	16	[ジョウ]	[]	3
2993400	邪	阝	8	[ジャ]	[]	3
2531100	催	亻	13	[サイ]	[[もよお,す]]	3
2179200	坑	土	7	[コウ]	[]	3
1801400	携	扌	13	[ケイ]	[[たずさ,える],[たずさ,わる]]	3
1335600	吉	口	6	[キチ,キツ]	[]	3
1061300	勘	力	11	[カン]	[]	3
701000	嫁	女	13	[カ]	[[よめ],[とつ,ぐ]]	3
7247000	励	力	7	[レイ]	[[はげ,む],[はげ,ます]]	3
6861000	幽	幺	9	[ユウ]	[]	3
6416500	乏	丿	4	[ボウ]	[[とぼ,しい]]	3
6101900	伏	亻	6	[フク]	[[ふ,せる],[ふ,す]]	3
5653600	縛	糸	16	[バク]	[[しば,る]]	3
4956900	訂	訁	9	[テイ]	[]	3
4596100	胆	月	9	[タン]	[]	3
4256700	葬	艹	12	[ソウ]	[[ほうむ,る]]	3
7256600	零	雨	13	[レイ]	[]	3
6885700	誘	訁	14	[ユウ]	[[さそ,う]]	3
6421900	妨	女	7	[ボウ]	[[さまた,げる]]	3
6123600	覆	覀	18	[フク]	[[おお,う],[くつがえ,す],[くつがえ,る]]	3
5697600	伐	亻	6	[バツ]	[]	3
4985800	締	糸	15	[テイ]	[[し,まる],[し,める]]	3
4632100	鍛	金	17	[タン]	[[きた,える]]	3
4286300	遭	辶	14	[ソウ]	[[あ,う]]	3
7260100	霊	雨	15	[レイ,リョウ]	[[たま]]	3
6887500	憂	心	15	[ユウ]	[[うれ,える],[うれ,い],[う,い]]	3
6428000	房	戸	8	[ボウ]	[[ふさ]]	3
6163900	紛	糸	10	[フン]	[[まぎ,れる],[まぎ,らす],[まぎ,らわす],[まぎ,らわしい]]	3
5733800	帆	巾	6	[ハン]	[[ほ]]	3
5019200	哲	口	10	[テツ]	[]	3
4655500	壇	土	16	[ダン,タン]	[]	3
4321900	憎	忄	14	[ゾウ]	[[にく,む],[にく,い],[にく,らしい],[にく,しみ]]	3
7291100	裂	衣	12	[レツ]	[[さ,く],[さ,ける]]	3
6952000	揚	扌	12	[ヨウ]	[[あ,げる],[あ,がる]]	3
6434800	某	木	9	[ボウ]	[]	3
6169300	墳	土	15	[フン]	[]	3
5736600	伴	亻	7	[ハン,バン]	[[ともな,う]]	3
5099100	斗	斗	4	[ト]	[]	3
4686000	稚	禾	13	[チ]	[]	3
4339700	促	亻	9	[ソク]	[[うなが,す]]	3
7301600	廉	广	13	[レン]	[]	3
6953900	揺	扌	12	[ヨウ]	[[ゆ,れる],[ゆ,る],[ゆ,らぐ],[ゆ,るぐ],[ゆ,する],[ゆ,さぶる],[ゆ,すぶる]]	3
6458900	膨	月	16	[ボウ]	[[ふく,らむ],[ふく,れる]]	3
6237000	癖	疒	18	[ヘキ]	[[くせ]]	3
5749000	畔	田	10	[ハン]	[]	3
5121900	塗	土	13	[ト]	[[ぬ,る]]	3
4699900	畜	田	10	[チク]	[]	3
4362000	賊	貝	13	[ゾク]	[]	3
7311900	錬	金	16	[レン]	[]	3
6979700	擁	扌	16	[ヨウ]	[]	3
6460500	謀	訁	16	[ボウ,ム]	[[はか,る]]	3
6325800	募	力	12	[ボ]	[[つの,る]]	3
5771800	藩	艹	18	[ハン]	[]	3
5173100	凍	冫	10	[トウ]	[[こお,る],[こご,える]]	3
4708000	窒	穴	11	[チツ]	[]	3
4441300	怠	心	9	[タイ]	[[おこた,る],[なま,ける]]	3
7322100	炉	火	8	[ロ]	[]	3
6991200	抑	扌	7	[ヨク]	[[おさ,える]]	3
6485700	墨	土	14	[ボク]	[[すみ]]	3
6328400	慕	心	14	[ボ]	[[した,う]]	3
5782200	蛮	虫	12	[バン]	[]	3
5195200	陶	阝	11	[トウ]	[]	3
4739000	抽	扌	8	[チュウ]	[]	3
4444800	胎	月	9	[タイ]	[]	3
7357400	浪	氵	10	[ロウ]	[]	3
7013900	裸	衤	13	[ラ]	[[はだか]]	3
6495000	没	氵	7	[ボツ]	[]	3
6331700	簿	竹	19	[ボ]	[]	3
5812700	卑	十	9	[ヒ]	[[いや,しい],[いや,しむ],[いや,しめる]]	3
5204500	痘	疒	12	[トウ]	[]	3
4755500	鋳	金	15	[チュウ]	[[い,る]]	3
4455700	袋	衣	11	[タイ]	[[ふくろ]]	3
7361500	廊	广	12	[ロウ]	[]	3
7057000	濫	氵	18	[ラン]	[]	3
6514700	翻	羽	18	[ホン]	[[ひるがえ,る],[ひるがえ,す]]	3
6340800	芳	艹	7	[ホウ]	[[かんば,しい]]	3
5843400	碑	石	14	[ヒ]	[]	3
5297500	匿	匸	10	[トク]	[]	3
4757000	駐	馬	15	[チュウ]	[]	3
4456900	逮	辶	11	[タイ]	[]	3
7363000	楼	木	13	[ロウ]	[]	3
7070500	吏	口	6	[リ]	[]	3
6529100	魔	鬼	21	[マ]	[]	3
6343300	邦	阝	7	[ホウ]	[]	3
5905200	泌	氵	8	[ヒツ,ヒ]	[]	3
5310900	篤	竹	16	[トク]	[]	3
4798000	彫	彡	11	[チョウ]	[[ほ,る]]	3
4460800	滞	氵	13	[タイ]	[[とどこお,る]]	3
7365000	漏	氵	14	[ロウ]	[[も,る],[も,れる],[も,らす]]	3
7135400	隆	阝	11	[リュウ]	[]	3
6534700	埋	土	10	[マイ]	[[う,める],[う,まる],[う,もれる]]	3
6345300	奉	大	8	[ホウ,ブ]	[[たてまつ,る]]	3
5917900	姫	女	10	[]	[[ひめ]]	3
5354400	豚	支豕	11	[トン]	[[ぶた]]	3
4815300	超	走	12	[チョウ]	[[こ,える],[こ,す]]	3
4520900	滝	氵	13	[]	[[たき]]	3
7433100	湾	氵	12	[ワン]	[]	3
7150500	了	亅	2	[リョウ]	[]	3
6542600	膜	月	14	[マク]	[]	3
6371500	胞	月	9	[ホウ]	[]	3
5943800	漂	氵	14	[ヒョウ]	[[ただよ,う]]	3
5453800	尿	尸	7	[ニョウ]	[]	3
4839100	聴	耳	17	[チョウ]	[[き,く]]	3
4523800	択	扌	7	[タク]	[]	3
7166500	猟	犭	11	[リョウ]	[]	3
6554000	又	又	2	[]	[[また]]	3
6372300	倣	亻	10	[ホウ]	[[なら,う]]	3
5954600	苗	艹	8	[ビョウ]	[[なえ],[なわ]]	3
5490200	粘	米	11	[ネン]	[[ねば,る]]	3
4868100	陳	阝	11	[チン]	[]	3
4526500	卓	十	8	[タク]	[]	3
7169600	陵	阝	11	[リョウ]	[[みささぎ]]	3
6602000	魅	鬼	15	[ミ]	[]	3
6380500	崩	山	11	[ホウ]	[[くず,れる],[くず,す]]	3
6041100	赴	走	9	[フ]	[[おもむ,く]]	3
5548900	婆	女	11	[バ]	[]	3
4874300	鎮	金	18	[チン]	[[しず,める],[しず,まる]]	3
4531600	託	訁	10	[タク]	[]	3
7189500	糧	米	18	[リョウ,ロウ]	[[かて]]	3
6701500	滅	氵	13	[メツ]	[[ほろ,びる],[ほろ,ぼす]]	3
6397900	飽	食	13	[ホウ]	[[あ,きる],[あ,かす]]	3
6050900	符	竹	11	[フ]	[]	3
5573200	排	扌	11	[ハイ]	[]	3
4884900	墜	土	15	[ツイ]	[]	3
4539500	諾	訁	15	[ダク]	[]	3
7200100	厘	厂	9	[リン]	[]	3
6704000	免	儿	8	[メン]	[[まぬか,れる]]	3
6408800	縫	糸	16	[ホウ]	[[ぬ,う]]	3
6086400	封	寸	9	[フウ,ホウ]	[]	3
5594900	陪	阝	11	[バイ]	[]	3
4954400	帝	巾	9	[テイ]	[]	3
4567400	奪	大	14	[ダツ]	[[うば,う]]	3
3422400	詔	訁	12	[ショウ]	[[みことのり]]	pre2
3253000	殉	歹	10	[ジュン]	[]	pre2
3088000	儒	亻	16	[ジュ]	[]	pre2
2503200	栽	木	10	[サイ]	[]	pre2
2200700	肯	肉	8	[コウ]	[]	pre2
1736500	薫	艹	16	[クン]	[[かお,る]]	pre2
1316800	擬	扌	17	[ギ]	[]	pre2
986700	且	一	5	[]	[[か,つ]]	pre2
710500	寡	宀	14	[カ]	[]	pre2
500	亜	二	7	[ア]	[]	pre2
3427000	奨	大	13	[ショウ]	[]	pre2
3258000	循	彳	12	[ジュン]	[]	pre2
3097000	囚	囗	5	[シュウ]	[]	pre2
2521400	斎	斉	11	[サイ]	[]	pre2
2203700	侯	亻	9	[コウ]	[]	pre2
1760400	茎	艹	8	[ケイ]	[[くき]]	pre2
1395300	糾	糸	9	[キュウ]	[]	pre2
1024800	缶	缶	6	[カン]	[]	pre2
718300	稼	禾	15	[カ]	[[かせ,ぐ]]	pre2
145000	尉	寸	11	[イ]	[]	pre2
3436500	彰	彡	14	[ショウ]	[]	pre2
3293700	庶	广	11	[ショ]	[]	pre2
3114600	臭	自	9	[シュウ]	[[くさ,い],[にお,う]]	pre2
2571400	索	糸	10	[サク]	[]	pre2
2213600	洪	氵	9	[コウ]	[]	pre2
1778900	渓	氵	11	[ケイ]	[]	pre2
1413300	窮	穴	15	[キュウ]	[[きわ,める],[きわ,まる]]	pre2
1055000	陥	阝	10	[カン]	[[おちい,る],[おとしい,れる]]	pre2
728100	蚊	虫	10	[]	[[か]]	pre2
249200	逸	辶	11	[イツ]	[]	pre2
3461900	償	亻	17	[ショウ]	[[つぐな,う]]	pre2
3300800	緒	糸	14	[ショ,チョ]	[[お]]	pre2
3140700	愁	心	13	[シュウ]	[[うれ,える],[うれ,い]]	pre2
2574600	酢	酉	12	[サク]	[[す]]	pre2
2246700	貢	貝	10	[コウ,ク]	[[みつ,ぐ]]	pre2
1786600	蛍	虫	11	[ケイ]	[[ほたる]]	pre2
1430100	拒	扌	8	[キョ]	[[こば,む]]	pre2
1063300	患	心	11	[カン]	[[わずら,う]]	pre2
779000	拐	扌	8	[カイ]	[]	pre2
282600	姻	女	9	[イン]	[]	pre2
3464700	礁	石	17	[ショウ]	[]	pre2
3322300	叙	又	9	[ジョ]	[]	pre2
3145600	酬	酉	13	[シュウ]	[]	pre2
2651300	桟	木	10	[サン]	[]	pre2
2288700	溝	氵	13	[コウ]	[[みぞ]]	pre2
1809400	慶	心	15	[ケイ]	[]	pre2
1489800	享	亠	8	[キョウ]	[]	pre2
1069800	堪	土	12	[カン]	[[た,える]]	pre2
827600	懐	忄	16	[カイ]	[[ふところ],[なつ,かしい],[なつ,かしむ],[なつ,く],[なつ,ける]]	pre2
306000	韻	音	19	[イン]	[]	pre2
3500500	浄	氵	9	[ジョウ]	[]	pre2
3345200	升	十	4	[ショウ]	[[ます]]	pre2
3151200	醜	酉	17	[シュウ]	[[みにく,い]]	pre2
2659100	傘	人	12	[サン]	[[かさ]]	pre2
2318800	衡	行	16	[コウ]	[]	pre2
1875800	傑	亻	13	[ケツ]	[]	pre2
1500000	挟	扌	9	[キョウ]	[[はさ,む],[はさ,まる]]	pre2
1079400	棺	木	12	[カン]	[]	pre2
850400	劾	力	8	[ガイ]	[]	pre2
352200	畝	田	10	[]	[[うね]]	pre2
3504200	剰	刂	11	[ジョウ]	[]	pre2
3354600	抄	扌	7	[ショウ]	[]	pre2
3167000	汁	氵	5	[ジュウ]	[[しる]]	pre2
2760900	肢	月	8	[シ]	[]	pre2
2326300	購	貝	17	[コウ]	[]	pre2
1943600	嫌	女	13	[ケン,ゲン]	[[きら,う],[いや]]	pre2
1507500	恭	心	10	[キョウ]	[[うやうや,しい]]	pre2
1080300	款	欠	12	[カン]	[]	pre2
856100	涯	氵	11	[ガイ]	[]	pre2
357800	浦	氵	10	[]	[[うら]]	pre2
3523800	壌	土	16	[ジョウ]	[]	pre2
3355800	肖	肉	7	[ショウ]	[]	pre2
3167900	充	儿	6	[ジュウ]	[[あ,てる]]	pre2
2809900	嗣	口	13	[シ]	[]	pre2
2347800	拷	扌	9	[ゴウ]	[]	pre2
1946400	献	犬	13	[ケン,コン]	[]	pre2
1545900	矯	矢	17	[キョウ]	[[た,める]]	pre2
1088800	閑	門	12	[カン]	[]	pre2
879600	垣	土	9	[]	[[かき]]	pre2
413500	疫	疒	9	[エキ,ヤク]	[]	pre2
3531400	醸	酉	20	[ジョウ]	[[かも,す]]	pre2
3358000	尚	⺍	8	[ショウ]	[]	pre2
3183000	渋	氵	11	[ジュウ]	[[しぶ],[しぶ,い],[しぶ,る]]	pre2
2830400	賜	貝	15	[シ]	[[たまわ,る]]	pre2
2348400	剛	刂	10	[ゴウ]	[]	pre2
1968400	謙	訁	17	[ケン]	[]	pre2
1562800	暁	日	12	[ギョウ]	[[あかつき]]	pre2
1092900	寛	宀	13	[カン]	[]	pre2
894600	核	木	10	[カク]	[]	pre2
429100	謁	訁	15	[エツ]	[]	pre2
3605100	津	氵	9	[シン]	[[つ]]	pre2
3373700	宵	宀	10	[ショウ]	[[よい]]	pre2
3185700	銃	金	14	[ジュウ]	[]	pre2
2894300	璽	玉	19	[ジ]	[]	pre2
2385400	酷	酉	14	[コク]	[]	pre2
1972000	繭	糸	18	[ケン]	[[まゆ]]	pre2
1619600	菌	艹	11	[キン]	[]	pre2
1120500	憾	忄	16	[カン]	[]	pre2
896600	殻	殳	11	[カク]	[[から]]	pre2
467300	猿	犭	13	[エン]	[[さる]]	pre2
3613500	唇	口	10	[シン]	[[くちびる]]	pre2
3383400	症	疒	10	[ショウ]	[]	pre2
3194100	叔	又	8	[シュク]	[]	pre2
2937500	漆	氵	14	[シツ]	[[うるし]]	pre2
2423100	昆	日	8	[コン]	[]	pre2
1973800	顕	頁	18	[ケン]	[]	pre2
1624200	琴	王	12	[キン]	[[こと]]	pre2
1126000	還	辶	16	[カン]	[]	pre2
916100	嚇	口	17	[カク]	[]	pre2
507000	凹	凵	5	[オウ]	[]	pre2
3614400	娠	女	10	[シン]	[]	pre2
3384100	祥	礻	10	[ショウ]	[]	pre2
3201900	淑	氵	11	[シュク]	[]	pre2
2987000	遮	辶	14	[シャ]	[[さえぎ,る]]	pre2
2447400	懇	心	17	[コン]	[[ねんご,ろ]]	pre2
1977400	懸	心	20	[ケン,ケ]	[[か,ける],[か,かる]]	pre2
1640800	謹	訁	17	[キン]	[[つつし,む]]	pre2
1145200	艦	舟	21	[カン]	[]	pre2
962900	括	扌	9	[カツ]	[]	pre2
525100	翁	羽	10	[オウ]	[]	pre2
3637400	紳	糸	11	[シン]	[]	pre2
3397400	渉	氵	11	[ショウ]	[]	pre2
3203400	粛	聿	11	[シュク]	[]	pre2
2995800	蛇	虫	11	[ジャ,ダ]	[[へび]]	pre2
2465100	唆	口	10	[サ]	[[そそのか,す]]	pre2
1995000	弦	弓	8	[ゲン]	[[つる]]	pre2
1642800	襟	衤	18	[キン]	[[えり]]	pre2
1165700	頑	頁	13	[ガン]	[]	pre2
967800	喝	口	11	[カツ]	[]	pre2
573100	虞	虍	13	[]	[[おそれ]]	pre2
3642900	診	訁	12	[シン]	[[み,る]]	pre2
3403200	訟	訁	11	[ショウ]	[]	pre2
3209800	塾	土	14	[ジュク]	[]	pre2
3007700	酌	酉	10	[シャク]	[[く,む]]	pre2
2471300	詐	訁	12	[サ]	[]	pre2
2091700	呉	口	7	[ゴ]	[]	pre2
1646100	吟	口	7	[ギン]	[]	pre2
1228500	飢	食	10	[キ]	[[う,える]]	pre2
969500	渇	氵	11	[カツ]	[[かわ,く]]	pre2
692100	渦	氵	12	[カ]	[[うず]]	pre2
3693200	刃	刀	3	[ジン]	[[は]]	pre2
3416100	硝	石	12	[ショウ]	[]	pre2
3228300	俊	亻	9	[シュン]	[]	pre2
3011800	爵	爫	17	[シャク]	[]	pre2
2498200	砕	石	9	[サイ]	[[くだ,く],[くだ,ける]]	pre2
2108200	碁	石	13	[ゴ]	[]	pre2
1693800	隅	阝	12	[グウ]	[[すみ]]	pre2
1302800	宜	宀	8	[ギ]	[]	pre2
979800	褐	衤	13	[カツ]	[]	pre2
704500	禍	礻	13	[カ]	[]	pre2
3699100	迅	辶	6	[ジン]	[]	pre2
3418500	粧	米	12	[ショウ]	[]	pre2
3252100	准	冫	10	[ジュン]	[]	pre2
3062600	珠	王	10	[シュ]	[]	pre2
2501700	宰	宀	10	[サイ]	[]	pre2
2169400	江	氵	6	[コウ]	[[え]]	pre2
1735200	勲	力	15	[クン]	[]	pre2
1304300	偽	亻	11	[ギ]	[[いつわ,る],[にせ]]	pre2
983700	轄	車	17	[カツ]	[]	pre2
707300	靴	革	13	[カ]	[[くつ]]	pre2
7182900	寮	宀	15	[リョウ]	[]	pre2
6867300	悠	心	11	[ユウ]	[]	pre2
6503200	堀	土	11	[]	[[ほり]]	pre2
6170300	憤	忄	15	[フン]	[[いきどお,る]]	pre2
5758700	煩	火	13	[ハン,ボン]	[[わずら,う],[わずら,わす]]	pre2
5423800	尼	尸	5	[ニ]	[[あま]]	pre2
4981100	艇	舟	13	[テイ]	[]	pre2
4791400	挑	扌	9	[チョウ]	[[いど,む]]	pre2
4301300	霜	雨	17	[ソウ]	[[しも]]	pre2
4090300	践	足	13	[セン]	[]	pre2
3700700	甚	甘	9	[ジン]	[[はなは,だ],[はなは,だしい]]	pre2
7200600	倫	亻	10	[リン]	[]	pre2
6872600	猶	犭	12	[ユウ]	[]	pre2
6511300	奔	大	8	[ホン]	[]	pre2
6192100	丙	一	5	[ヘイ]	[]	pre2
5760900	頒	頁	13	[ハン]	[]	pre2
5459700	妊	女	7	[ニン]	[]	pre2
4993300	泥	氵	8	[デイ]	[[どろ]]	pre2
4800100	眺	目	11	[チョウ]	[[なが,める]]	pre2
4309000	藻	艹	19	[ソウ]	[[も]]	pre2
4109100	遷	辶	15	[セン]	[]	pre2
3744800	帥	巾	9	[スイ]	[]	pre2
7228900	累	糸	11	[ルイ]	[]	pre2
6873600	裕	衤	12	[ユウ]	[]	pre2
6521800	麻	麻	11	[マ]	[[あさ]]	pre2
6205200	併	亻	8	[ヘイ]	[[あわ,せる]]	pre2
5796800	妃	女	6	[ヒ]	[]	pre2
5460700	忍	心	7	[ニン]	[[しの,ぶ],[しの,ばせる]]	pre2
5016900	迭	辶	8	[テツ]	[]	pre2
4801100	釣	金	11	[チョウ]	[[つ,る]]	pre2
4411400	妥	女	7	[ダ]	[]	pre2
4112600	薦	艹	16	[セン]	[[すす,める]]	pre2
3758600	睡	目	13	[スイ]	[]	pre2
7231100	塁	土	12	[ルイ]	[]	pre2
6891000	融	虫	16	[ユウ]	[]	pre2
6525100	摩	手	15	[マ]	[]	pre2
6216100	塀	土	12	[ヘイ]	[]	pre2
5804700	披	扌	8	[ヒ]	[]	pre2
5471300	寧	宀	14	[ネイ]	[]	pre2
5027800	徹	彳	15	[テツ]	[]	pre2
4840900	懲	心	18	[チョウ]	[[こ,りる],[こ,らす],[こ,らしめる]]	pre2
4417500	堕	土	12	[ダ]	[]	pre2
4115300	繊	糸	17	[セン]	[]	pre2
3776700	枢	木	8	[スウ]	[]	pre2
7248100	戻	戸	7	[レイ]	[[もど,す],[もど,る]]	pre2
6950200	庸	广	11	[ヨウ]	[]	pre2
6527200	磨	石	16	[マ]	[[みが,く]]	pre2
6218900	幣	巾	15	[ヘイ]	[]	pre2
5835500	扉	戸	12	[ヒ]	[[とびら]]	pre2
5523400	把	扌	7	[ハ]	[]	pre2
5029000	撤	扌	15	[テツ]	[]	pre2
4854500	勅	力	9	[チョク]	[]	pre2
4418600	惰	忄	12	[ダ]	[]	pre2
4147000	禅	礻	13	[ゼン]	[]	pre2
3778700	崇	山	11	[スウ]	[]	pre2
7255700	鈴	金	13	[レイ,リン]	[[すず]]	pre2
6975900	窯	穴	15	[ヨウ]	[[かま]]	pre2
6560800	抹	扌	8	[マツ]	[]	pre2
6220300	弊	廾	15	[ヘイ]	[]	pre2
5848700	罷	罒	15	[ヒ]	[]	pre2
5540200	覇	覀	19	[ハ]	[]	pre2
5189100	悼	忄	11	[トウ]	[[いた,む]]	pre2
4866900	朕	月	10	[チン]	[]	pre2
4420100	駄	馬	14	[ダ]	[]	pre2
4148600	漸	氵	14	[ゼン]	[]	pre2
3787900	据	扌	11	[]	[[す,える],[す,わる]]	pre2
7414100	賄	貝	13	[ワイ]	[[まかな,う]]	pre2
7016300	羅	罒	19	[ラ]	[]	pre2
6605600	岬	山	8	[]	[[みさき]]	pre2
6267400	偏	亻	11	[ヘン]	[[かたよ,る]]	pre2
5962100	猫	犭	11	[ビョウ]	[[ねこ]]	pre2
5577900	廃	广	12	[ハイ]	[[すた,れる],[すた,る]]	pre2
5198000	搭	扌	12	[トウ]	[]	pre2
4896800	塚	土	12	[]	[[つか]]	pre2
4452300	泰	氺	10	[タイ]	[]	pre2
4164000	租	禾	10	[ソ]	[]	pre2
3790000	杉	木	7	[]	[[すぎ]]	pre2
7422000	枠	木	8	[]	[[わく]]	pre2
7041400	酪	酉	13	[ラク]	[]	pre2
6691500	銘	金	14	[メイ]	[]	pre2
6272400	遍	辶	12	[ヘン]	[]	pre2
5980700	賓	貝	15	[ヒン]	[]	pre2
5594000	培	土	11	[バイ]	[[つちか,う]]	pre2
5198700	棟	木	12	[トウ]	[[むね],[むな]]	pre2
4910800	漬	氵	14	[]	[[つ,ける],[つ,かる]]	pre2
4536200	濯	氵	17	[タク]	[]	pre2
4179800	疎	疋	12	[ソ]	[[うと,い],[うと,む]]	pre2
3871800	斉	斉	8	[セイ]	[]	pre2
7087400	痢	疒	12	[リ]	[]	pre2
6722800	妄	女	6	[モウ,ボウ]	[]	pre2
6368300	泡	氵	8	[ホウ]	[[あわ]]	pre2
5982900	頻	頁	17	[ヒン]	[]	pre2
5596300	媒	女	12	[バイ]	[]	pre2
5211400	筒	竹	12	[トウ]	[[つつ]]	pre2
4921700	坪	土	8	[]	[[つぼ]]	pre2
4552400	但	亻	7	[]	[[ただ,し]]	pre2
4185700	塑	土	13	[ソ]	[]	pre2
3885100	逝	辶	10	[セイ]	[[ゆ,く],[い,く]]	pre2
7092200	履	尸	15	[リ]	[[は,く]]	pre2
6726300	盲	目	8	[モウ]	[]	pre2
6373000	俸	亻	10	[ホウ]	[]	pre2
5991600	瓶	瓦	11	[ビン]	[]	pre2
5599700	賠	貝	15	[バイ]	[]	pre2
5238500	謄	言	17	[トウ]	[]	pre2
4940200	呈	口	7	[テイ]	[]	pre2
4572200	棚	木	12	[]	[[たな]]	pre2
4203000	壮	士	6	[ソウ]	[]	pre2
3923300	誓	言	14	[セイ]	[[ちか,う]]	pre2
7117900	柳	木	9	[リュウ]	[[やなぎ]]	pre2
6729100	耗	耒	10	[モウ,コウ]	[]	pre2
6405200	褒	衣	15	[ホウ]	[[ほ,める]]	pre2
6027600	扶	扌	7	[フ]	[]	pre2
5621700	伯	亻	7	[ハク]	[]	pre2
5249400	騰	馬	20	[トウ]	[]	pre2
4941200	廷	廴	7	[テイ]	[]	pre2
4684100	痴	疒	13	[チ]	[]	pre2
4228100	荘	艹	9	[ソウ]	[]	pre2
3961700	析	木	8	[セキ]	[]	pre2
7128700	竜	竜	10	[リュウ]	[[たつ]]	pre2
6797000	厄	厂	4	[ヤク]	[]	pre2
6437400	剖	刂	10	[ボウ]	[]	pre2
6034100	附	阝	8	[フ]	[]	pre2
5632900	舶	舟	11	[ハク]	[]	pre2
5262900	洞	氵	9	[ドウ]	[[ほら]]	pre2
4951400	邸	阝	8	[テイ]	[]	pre2
4701200	逐	辶	10	[チク]	[]	pre2
4233400	捜	扌	10	[ソウ]	[[さが,す]]	pre2
3990400	拙	扌	8	[セツ]	[[つたな,い]]	pre2
7137500	硫	石	12	[リュウ]	[]	pre2
6831400	愉	忄	12	[ユ]	[]	pre2
6438800	紡	糸	10	[ボウ]	[[つむ,ぐ]]	pre2
6070300	譜	訁	19	[フ]	[]	pre2
5651000	漠	氵	13	[バク]	[]	pre2
5306600	督	目	13	[トク]	[]	pre2
4952300	亭	亠	9	[テイ]	[]	pre2
4707200	秩	禾	10	[チツ]	[]	pre2
4234200	挿	扌	10	[ソウ]	[[さ,す]]	pre2
3992300	窃	穴	9	[セツ]	[]	pre2
7147300	虜	虍	13	[リョ]	[]	pre2
6836400	諭	訁	16	[ユ]	[[さと,す]]	pre2
6480700	朴	木	6	[ボク]	[]	pre2
6072200	侮	亻	8	[ブ]	[[あなど,る]]	pre2
5674200	肌	月	6	[]	[[はだ]]	pre2
5330600	凸	凵	5	[トツ]	[]	pre2
4957700	貞	貝	9	[テイ]	[]	pre2
4719000	嫡	女	14	[チャク]	[]	pre2
4244700	曹	曰	11	[ソウ]	[]	pre2
4035900	仙	亻	5	[セン]	[]	pre2
7165000	涼	氵	11	[リョウ]	[[すず,しい],[すず,む]]	pre2
6840100	癒	疒	18	[ユ]	[[い,える],[い,やす]]	pre2
6484700	僕	亻	14	[ボク]	[]	pre2
6138500	沸	氵	8	[フツ]	[[わ,く],[わ,かす]]	pre2
5683000	鉢	金	13	[ハチ,ハツ]	[]	pre2
5352400	屯	屮	4	[トン]	[]	pre2
4963500	逓	辶	10	[テイ]	[]	pre2
4746900	衷	衣	9	[チュウ]	[]	pre2
4251400	喪	口	12	[ソウ]	[[も]]	pre2
4068300	栓	木	10	[セン]	[]	pre2
7176100	僚	亻	14	[リョウ]	[]	pre2
6841300	唯	口	11	[ユイ,イ]	[]	pre2
6488100	撲	扌	15	[ボク]	[]	pre2
6167100	雰	雨	12	[フン]	[]	pre2
5704400	閥	門	14	[バツ]	[]	pre2
5410200	軟	車	11	[ナン]	[[やわ,らか],[やわ,らかい]]	pre2
4967500	偵	亻	11	[テイ]	[]	pre2
4777100	弔	弓	4	[チョウ]	[[とむら,う]]	pre2
4287700	槽	木	15	[ソウ]	[]	pre2
4072600	旋	方	11	[セン]	[]	pre2